Time,Altitude(HAB),Temperature(HAB),Altitude(Ground),Temperature(Ground)
8:00:00,0,21,0,21
8:00:15,76.25,20.428125,0,21
8:00:30,152.5,19.85625,0,21
8:00:45,228.75,19.284375,0,21
8:01:00,305,18.7125,0,21
8:01:15,381.25,18.140625,0,21
8:01:30,457.5,17.56875,0,21
8:01:45,533.75,16.996875,0,21
8:02:00,610,16.425,0,21
8:02:15,686.25,15.853125,0,21
8:02:30,762.5,15.28125,0,21
8:02:45,838.75,14.709375,0,21
8:03:00,915,14.1375,0,21
8:03:15,991.25,13.565625,0,21
8:03:30,1067.5,12.99375,0,21
8:03:45,1143.75,12.421875,0,21
8:04:00,1220,11.85,0,21
8:04:15,1296.25,11.278125,0,21
8:04:30,1372.5,10.70625,0,21
8:04:45,1448.75,10.134375,0,21
8:05:00,1525,9.5625,0,21
8:05:15,1601.25,8.990625,0,21
8:05:30,1677.5,8.41875,0,21
8:05:45,1753.75,7.846875,0,21
8:06:00,1830,7.275,0,21
8:06:15,1906.25,6.703125,0,21
8:06:30,1982.5,6.13125,0,21
8:06:45,2058.75,5.559375,0,21
8:07:00,2135,4.9875,0,21
8:07:15,2211.25,4.415625,0,21
8:07:30,2287.5,3.84375,0,21
8:07:45,2363.75,3.271875,0,21
8:08:00,2440,2.7,0,21
8:08:15,2516.25,2.128125,0,21
8:08:30,2592.5,1.55625,0,21
8:08:45,2668.75,0.984375,0,21
8:09:00,2745,0.4125,0,21
8:09:15,2821.25,-0.159375,0,21
8:09:30,2897.5,-0.73125,0,21
8:09:45,2973.75,-1.303125,0,21
8:10:00,3050,-1.875,0,21
8:10:15,3126.25,-2.446875,0,21
8:10:30,3202.5,-3.01875,0,21
8:10:45,3278.75,-3.590625,0,21
8:11:00,3355,-4.1625,0,21
8:11:15,3431.25,-4.734375,0,21
8:11:30,3507.5,-5.30625,0,21
8:11:45,3583.75,-5.878125,0,21
8:12:00,3660,-6.45,0,21
8:12:15,3736.25,-7.021875,0,21
8:12:30,3812.5,-7.59375,0,21
8:12:45,3888.75,-8.165625,0,21
8:13:00,3965,-8.7375,0,21
8:13:15,4041.25,-9.309375,0,21
8:13:30,4117.5,-9.88125,0,21
8:13:45,4193.75,-10.453125,0,21
8:14:00,4270,-11.025,0,21
8:14:15,4346.25,-11.596875,0,21
8:14:30,4422.5,-12.16875,0,21
8:14:45,4498.75,-12.740625,0,21
8:15:00,4575,-13.3125,0,21
8:15:15,4651.25,-13.884375,0,21
8:15:30,4727.5,-14.45625,0,21
8:15:45,4803.75,-15.028125,0,21
8:16:00,4880,-15.6,0,21
8:16:15,4956.25,-16.171875,0,21
8:16:30,5032.5,-16.74375,0,21
8:16:45,5108.75,-17.315625,0,21
8:17:00,5185,-17.8875,0,21
8:17:15,5261.25,-18.459375,0,21
8:17:30,5337.5,-19.03125,0,21
8:17:45,5413.75,-19.603125,0,21
8:18:00,5490,-20.175,0,21
8:18:15,5566.25,-20.746875,0,21
8:18:30,5642.5,-21.31875,0,21
8:18:45,5718.75,-21.890625,0,21
8:19:00,5795,-22.4625,0,21
8:19:15,5871.25,-23.034375,0,21
8:19:30,5947.5,-23.60625,0,21
8:19:45,6023.75,-24.178125,0,21
8:20:00,6100,-24.75,0,21
8:20:15,6176.25,-25.321875,0,21
8:20:30,6252.5,-25.89375,0,21
8:20:45,6328.75,-26.465625,0,21
8:21:00,6405,-27.0375,0,21
8:21:15,6481.25,-27.609375,0,21
8:21:30,6557.5,-28.18125,0,21
8:21:45,6633.75,-28.753125,0,21
8:22:00,6710,-29.325,0,21
8:22:15,6786.25,-29.896875,0,21
8:22:30,6862.5,-30.46875,0,21
8:22:45,6938.75,-31.040625,0,21
8:23:00,7015,-31.6125,0,21
8:23:15,7091.25,-32.184375,0,21
8:23:30,7167.5,-32.75625,0,21
8:23:45,7243.75,-33.328125,0,21
8:24:00,7320,-33.9,0,21
8:24:15,7396.25,-34.471875,0,21
8:24:30,7472.5,-35.04375,0,21
8:24:45,7548.75,-35.615625,0,21
8:25:00,7625,-36.1875,0,21
8:25:15,7701.25,-36.759375,0,21
8:25:30,7777.5,-37.33125,0,21
8:25:45,7853.75,-37.903125,0,21
8:26:00,7930,-38.475,0,21
8:26:15,8006.25,-39.046875,0,21
8:26:30,8082.5,-39.61875,0,21
8:26:45,8158.75,-40.190625,0,21
8:27:00,8235,-40.7625,0,21
8:27:15,8311.25,-41.334375,0,21
8:27:30,8387.5,-41.90625,0,21
8:27:45,8463.75,-42.478125,0,21
8:28:00,8540,-43.05,0,21
8:28:15,8616.25,-43.621875,0,21
8:28:30,8692.5,-44.19375,0,21
8:28:45,8768.75,-44.765625,0,21
8:29:00,8845,-45.3375,0,21
8:29:15,8921.25,-45.909375,0,21
8:29:30,8997.5,-46.48125,0,21
8:29:45,9073.75,-47.053125,0,21
8:30:00,9150,-47.625,0,21
8:30:15,9226.25,-48.196875,0,21
8:30:30,9302.5,-48.76875,0,21
8:30:45,9378.75,-49.340625,0,21
8:31:00,9455,-49.9125,0,21
8:31:15,9531.25,-50.484375,0,21
8:31:30,9607.5,-51.05625,0,21
8:31:45,9683.75,-51.628125,0,21
8:32:00,9760,-52.2,0,21
8:32:15,9836.25,-52.771875,0,21
8:32:30,9912.5,-53.34375,0,21
8:32:45,9988.75,-53.915625,0,21
8:33:00,10065,-54.4875,0,21
8:33:15,10141.25,-55,0,21
8:33:30,10217.5,-55,0,21
8:33:45,10293.75,-55,0,21
8:34:00,10370,-55,0,21
8:34:15,10446.25,-55,0,21
8:34:30,10522.5,-55,0,21
8:34:45,10598.75,-55,0,21
8:35:00,10675,-55,0,21
8:35:15,10751.25,-55,0,21
8:35:30,10827.5,-55,0,21
8:35:45,10903.75,-55,0,21
8:36:00,10980,-55,0,21
8:36:15,11056.25,-55,0,21
8:36:30,11132.5,-55,0,21
8:36:45,11208.75,-55,0,21
8:37:00,11285,-55,0,21
8:37:15,11361.25,-55,0,21
8:37:30,11437.5,-55,0,21
8:37:45,11513.75,-55,0,21
8:38:00,11590,-55,0,21
8:38:15,11666.25,-55,0,21
8:38:30,11742.5,-55,0,21
8:38:45,11818.75,-55,0,21
8:39:00,11895,-55,0,21
8:39:15,11971.25,-55,0,21
8:39:30,12047.5,-55,0,21
8:39:45,12123.75,-55,0,21
8:40:00,12200,-55,0,21
8:40:15,12276.25,-55,0,21
8:40:30,12352.5,-55,0,21
8:40:45,12428.75,-55,0,21
8:41:00,12505,-55,0,21
8:41:15,12581.25,-55,0,21
8:41:30,12657.5,-55,0,21
8:41:45,12733.75,-55,0,21
8:42:00,12810,-55,0,21
8:42:15,12886.25,-55,0,21
8:42:30,12962.5,-55,0,21
8:42:45,13038.75,-55,0,21
8:43:00,13115,-55,0,21
8:43:15,13191.25,-55,0,21
8:43:30,13267.5,-55,0,21
8:43:45,13343.75,-55,0,21
8:44:00,13420,-55,0,21
8:44:15,13496.25,-55,0,21
8:44:30,13572.5,-55,0,21
8:44:45,13648.75,-55,0,21
8:45:00,13725,-55,0,21
8:45:15,13801.25,-55,0,21
8:45:30,13877.5,-55,0,21
8:45:45,13953.75,-55,0,21
8:46:00,14030,-55,0,21
8:46:15,14106.25,-55,0,21
8:46:30,14182.5,-55,0,21
8:46:45,14258.75,-55,0,21
8:47:00,14335,-55,0,21
8:47:15,14411.25,-55,0,21
8:47:30,14487.5,-55,0,21
8:47:45,14563.75,-55,0,21
8:48:00,14640,-55,0,21
8:48:15,14716.25,-55,0,21
8:48:30,14792.5,-55,0,21
8:48:45,14868.75,-55,0,21
8:49:00,14945,-55,0,21
8:49:15,15021.25,-55,0,21
8:49:30,15097.5,-55,0,21
8:49:45,15173.75,-55,0,21
8:50:00,15250,-55,0,21
8:50:15,15326.25,-55,0,21
8:50:30,15402.5,-55,0,21
8:50:45,15478.75,-55,0,21
8:51:00,15555,-55,0,21
8:51:15,15631.25,-55,0,21
8:51:30,15707.5,-55,0,21
8:51:45,15783.75,-55,0,21
8:52:00,15860,-55,0,21
8:52:15,15936.25,-55,0,21
8:52:30,16012.5,-55,0,21
8:52:45,16088.75,-55,0,21
8:53:00,16165,-55,0,21
8:53:15,16241.25,-55,0,21
8:53:30,16317.5,-55,0,21
8:53:45,16393.75,-55,0,21
8:54:00,16470,-55,0,21
8:54:15,16546.25,-55,0,21
8:54:30,16622.5,-55,0,21
8:54:45,16698.75,-55,0,21
8:55:00,16775,-55,0,21
8:55:15,16851.25,-55,0,21
8:55:30,16927.5,-55,0,21
8:55:45,17003.75,-55,0,21
8:56:00,17080,-55,0,21
8:56:15,17156.25,-55,0,21
8:56:30,17232.5,-55,0,21
8:56:45,17308.75,-55,0,21
8:57:00,17385,-55,0,21
8:57:15,17461.25,-55,0,21
8:57:30,17537.5,-55,0,21
8:57:45,17613.75,-55,0,21
8:58:00,17690,-55,0,21
8:58:15,17766.25,-55,0,21
8:58:30,17842.5,-55,0,21
8:58:45,17918.75,-55,0,21
8:59:00,17995,-55,0,21
8:59:15,18071.25,-55,0,21
8:59:30,18147.5,-55,0,21
8:59:45,18223.75,-55,0,21
9:00:00,18300,-55,0,21
9:00:15,18376.25,-55,0,21
9:00:30,18452.5,-55,0,21
9:00:45,18528.75,-55,0,21
9:01:00,18605,-55,0,21
9:01:15,18681.25,-55,0,21
9:01:30,18757.5,-55,0,21
9:01:45,18833.75,-55,0,21
9:02:00,18910,-55,0,21
9:02:15,18986.25,-55,0,21
9:02:30,19062.5,-55,0,21
9:02:45,19138.75,-55,0,21
9:03:00,19215,-55,0,21
9:03:15,19291.25,-55,0,21
9:03:30,19367.5,-55,0,21
9:03:45,19443.75,-55,0,21
9:04:00,19520,-55,0,21
9:04:15,19596.25,-55,0,21
9:04:30,19672.5,-55,0,21
9:04:45,19748.75,-55,0,21
9:05:00,19825,-55,0,21
9:05:15,19901.25,-55,0,21
9:05:30,19977.5,-55,0,21
9:05:45,20053.75,-55,0,21
9:06:00,20130,-54.8729167,0,21
9:06:15,20206.25,-54.7458334,0,21
9:06:30,20282.5,-54.6187501,0,21
9:06:45,20358.75,-54.4916668,0,21
9:07:00,20435,-54.3645835,0,21
9:07:15,20511.25,-54.2375002,0,21
9:07:30,20587.5,-54.1104169,0,21
9:07:45,20663.75,-53.9833336,0,21
9:08:00,20740,-53.8562503,0,21
9:08:15,20816.25,-53.729167,0,21
9:08:30,20892.5,-53.6020837,0,21
9:08:45,20968.75,-53.4750004,0,21
9:09:00,21045,-53.3479171,0,21
9:09:15,21121.25,-53.2208338,0,21
9:09:30,21197.5,-53.0937505,0,21
9:09:45,21273.75,-52.9666672,0,21
9:10:00,21350,-52.8395839,0,21
9:10:15,21426.25,-52.7125006,0,21
9:10:30,21502.5,-52.5854173,0,21
9:10:45,21578.75,-52.458334,0,21
9:11:00,21655,-52.3312507,0,21
9:11:15,21731.25,-52.2041674,0,21
9:11:30,21807.5,-52.0770841,0,21
9:11:45,21883.75,-51.9500008,0,21
9:12:00,21960,-51.8229175,0,21
9:12:15,22036.25,-51.6958342,0,21
9:12:30,22112.5,-51.5687509,0,21
9:12:45,22188.75,-51.4416676,0,21
9:13:00,22265,-51.3145843,0,21
9:13:15,22341.25,-51.187501,0,21
9:13:30,22417.5,-51.0604177,0,21
9:13:45,22493.75,-50.9333344,0,21
9:14:00,22570,-50.8062511,0,21
9:14:15,22646.25,-50.6791678,0,21
9:14:30,22722.5,-50.5520845,0,21
9:14:45,22798.75,-50.4250012,0,21
9:15:00,22875,-50.2979179,0,21
9:15:15,22951.25,-50.1708346,0,21
9:15:30,23027.5,-50.0437513,0,21
9:15:45,23103.75,-49.916668,0,21
9:16:00,23180,-49.7895847,0,21
9:16:15,23256.25,-49.6625014,0,21
9:16:30,23332.5,-49.5354181,0,21
9:16:45,23408.75,-49.4083348,0,21
9:17:00,23485,-49.2812515,0,21
9:17:15,23561.25,-49.1541682,0,21
9:17:30,23637.5,-49.0270849,0,21
9:17:45,23713.75,-48.9000016,0,21
9:18:00,23790,-48.7729183,0,21
9:18:15,23866.25,-48.645835,0,21
9:18:30,23942.5,-48.5187517,0,21
9:18:45,24018.75,-48.3916684,0,21
9:19:00,24095,-48.2645851,0,21
9:19:15,24171.25,-48.1375018,0,21
9:19:30,24247.5,-48.0104185,0,21
9:19:45,24323.75,-47.8833352,0,21
9:20:00,24400,-47.7562519,0,21
9:20:15,24476.25,-47.6291686,0,21
9:20:30,24552.5,-47.5020853,0,21
9:20:45,24628.75,-47.375002,0,21
9:21:00,24705,-47.2479187,0,21
9:21:15,24781.25,-47.1208354,0,21
9:21:30,24857.5,-46.9937521,0,21
9:21:45,24933.75,-46.8666688,0,21
9:22:00,25010,-46.7395855,0,21
9:22:15,25086.25,-46.6125022,0,21
9:22:30,25162.5,-46.4854189,0,21
9:22:45,25238.75,-46.3583356,0,21
9:23:00,25315,-46.2312523,0,21
9:23:15,25391.25,-46.104169,0,21
9:23:30,25467.5,-45.9770857,0,21
9:23:45,25543.75,-45.8500024,0,21
9:24:00,25620,-45.7229191,0,21
9:24:15,25696.25,-45.5958358,0,21
9:24:30,25772.5,-45.4687525,0,21
9:24:45,25848.75,-45.3416692,0,21
9:25:00,25925,-45.2145859,0,21
9:25:15,26001.25,-45.0875026,0,21
9:25:30,26077.5,-44.9604193,0,21
9:25:45,26153.75,-44.833336,0,21
9:26:00,26230,-44.7062527,0,21
9:26:15,26306.25,-44.5791694,0,21
9:26:30,26382.5,-44.4520861,0,21
9:26:45,26458.75,-44.3250028,0,21
9:27:00,26535,-44.1979195,0,21
9:27:15,26611.25,-44.0708362,0,21
9:27:30,26687.5,-43.9437529,0,21
9:27:45,26763.75,-43.8166696,0,21
9:28:00,26840,-43.6895863,0,21
9:28:15,26916.25,-43.562503,0,21
9:28:30,26992.5,-43.4354197,0,21
9:28:45,27068.75,-43.3083364,0,21
9:29:00,27145,-43.1812531,0,21
9:29:15,27221.25,-43.0541698,0,21
9:29:30,27297.5,-42.9270865,0,21
9:29:45,27373.75,-42.8000032,0,21
9:30:00,27450,-42.6729199,0,21
9:30:15,27526.25,-42.5458366,0,21
9:30:30,27602.5,-42.4187533,0,21
9:30:45,27678.75,-42.29167,0,21
9:31:00,27755,-42.1645867,0,21
9:31:15,27831.25,-42.0375034,0,21
9:31:30,27907.5,-41.9104201,0,21
9:31:45,27983.75,-41.7833368,0,21
9:32:00,28060,-41.6562535,0,21
9:32:15,28136.25,-41.5291702,0,21
9:32:30,28212.5,-41.4020869,0,21
9:32:45,28288.75,-41.2750036,0,21
9:33:00,28365,-41.1479203,0,21
9:33:15,28441.25,-41.020837,0,21
9:33:30,28517.5,-40.8937537,0,21
9:33:45,28593.75,-40.7666704,0,21
9:34:00,28670,-40.6395871,0,21
9:34:15,28746.25,-40.5125038,0,21
9:34:30,28822.5,-40.3854205,0,21
9:34:45,28898.75,-40.2583372,0,21
9:35:00,28975,-40.1312539,0,21
9:35:15,29051.25,-40.0041706,0,21
9:35:30,29127.5,-39.8770873,0,21
9:35:45,29203.75,-39.750004,0,21
9:36:00,29280,-39.6229207,0,21
9:36:15,29356.25,-39.4958374,0,21
9:36:30,29432.5,-39.3687541,0,21
9:36:45,29508.75,-39.2416708,0,21
9:37:00,29585,-39.1145875,0,21
9:37:15,29661.25,-38.9875042,0,21
9:37:30,29737.5,-38.8604209,0,21
9:37:45,29813.75,-38.7333376,0,21
9:38:00,29890,-38.6062543,0,21
9:38:15,29966.25,-38.479171,0,21
9:38:30,30042.5,-38.3520877,0,21
9:38:45,30118.75,-38.2250044,0,21
9:39:00,30195,-38.0979211,0,21
9:39:15,30271.25,-37.9708378,0,21
9:39:30,30347.5,-37.8437545,0,21
9:39:45,30423.75,-37.7166712,0,21
9:40:00,30500,-37.5895879,0,21
9:40:15,30576.25,-37.4625046,0,21
9:40:30,30652.5,-37.3354213,0,21
9:40:45,30728.75,-37.208338,0,21
9:41:00,30805,-37.0812547,0,21
9:41:15,30881.25,-36.9541714,0,21
9:41:30,30957.5,-36.8270881,0,21
9:41:45,31033.75,-36.7000048,0,21
9:42:00,31110,-36.5729215,0,21
9:42:15,31186.25,-36.4458382,0,21
9:42:30,31262.5,-36.3187549,0,21
9:42:45,31338.75,-36.1916716,0,21
9:43:00,31415,-36.0645883,0,21
9:43:15,31491.25,-35.937505,0,21
9:43:30,31567.5,-35.8104217,0,21
9:43:45,31643.75,-35.6833384,0,21
9:44:00,31720,-35.5562551,0,21
9:44:15,31796.25,-35.4291718,0,21
9:44:30,31872.5,-35.3020885,0,21
9:44:45,31948.75,-35.1750052,0,21
9:45:00,32025,-35.0479219,0,21
9:45:15,31950,-35.1729219,0,21
9:45:30,31875,-35.2979219,0,21
9:45:45,31800,-35.4229219,0,21
9:46:00,31725,-35.5479219,0,21
9:46:15,31650,-35.6729219,0,21
9:46:30,31575,-35.7979219,0,21
9:46:45,31500,-35.9229219,0,21
9:47:00,31425,-36.0479219,0,21
9:47:15,31350,-36.1729219,0,21
9:47:30,31275,-36.2979219,0,21
9:47:45,31200,-36.4229219,0,21
9:48:00,31125,-36.5479219,0,21
9:48:15,31050,-36.6729219,0,21
9:48:30,30975,-36.7979219,0,21
9:48:45,30900,-36.9229219,0,21
9:49:00,30825,-37.0479219,0,21
9:49:15,30750,-37.1729219,0,21
9:49:30,30675,-37.2979219,0,21
9:49:45,30600,-37.4229219,0,21
9:50:00,30525,-37.5479219,0,21
9:50:15,30450,-37.6729219,0,21
9:50:30,30375,-37.7979219,0,21
9:50:45,30300,-37.9229219,0,21
9:51:00,30225,-38.0479219,0,21
9:51:15,30150,-38.1729219,0,21
9:51:30,30075,-38.2979219,0,21
9:51:45,30000,-38.4229219,0,21
9:52:00,29925,-38.5479219,0,21
9:52:15,29850,-38.6729219,0,21
9:52:30,29775,-38.7979219,0,21
9:52:45,29700,-38.9229219,0,21
9:53:00,29625,-39.0479219,0,21
9:53:15,29550,-39.1729219,0,21
9:53:30,29475,-39.2979219,0,21
9:53:45,29400,-39.4229219,0,21
9:54:00,29325,-39.5479219,0,21
9:54:15,29250,-39.6729219,0,21
9:54:30,29175,-39.7979219,0,21
9:54:45,29100,-39.9229219,0,21
9:55:00,29025,-40.0479219,0,21
9:55:15,28950,-40.1729219,0,21
9:55:30,28875,-40.2979219,0,21
9:55:45,28800,-40.4229219,0,21
9:56:00,28725,-40.5479219,0,21
9:56:15,28650,-40.6729219,0,21
9:56:30,28575,-40.7979219,0,21
9:56:45,28500,-40.9229219,0,21
9:57:00,28425,-41.0479219,0,21
9:57:15,28350,-41.1729219,0,21
9:57:30,28275,-41.2979219,0,21
9:57:45,28200,-41.4229219,0,21
9:58:00,28125,-41.5479219,0,21
9:58:15,28050,-41.6729219,0,21
9:58:30,27975,-41.7979219,0,21
9:58:45,27900,-41.9229219,0,21
9:59:00,27825,-42.0479219,0,21
9:59:15,27750,-42.1729219,0,21
9:59:30,27675,-42.2979219,0,21
9:59:45,27600,-42.4229219,0,21
10:00:00,27525,-42.5479219,0,21
10:00:15,27450,-42.6729219,0,21
10:00:30,27375,-42.7979219,0,21
10:00:45,27300,-42.9229219,0,21
10:01:00,27225,-43.0479219,0,21
10:01:15,27150,-43.1729219,0,21
10:01:30,27075,-43.2979219,0,21
10:01:45,27000,-43.4229219,0,21
10:02:00,26925,-43.5479219,0,21
10:02:15,26850,-43.6729219,0,21
10:02:30,26775,-43.7979219,0,21
10:02:45,26700,-43.9229219,0,21
10:03:00,26625,-44.0479219,0,21
10:03:15,26550,-44.1729219,0,21
10:03:30,26475,-44.2979219,0,21
10:03:45,26400,-44.4229219,0,21
10:04:00,26325,-44.5479219,0,21
10:04:15,26250,-44.6729219,0,21
10:04:30,26175,-44.7979219,0,21
10:04:45,26100,-44.9229219,0,21
10:05:00,26025,-45.0479219,0,21
10:05:15,25950,-45.1729219,0,21
10:05:30,25875,-45.2979219,0,21
10:05:45,25800,-45.4229219,0,21
10:06:00,25725,-45.5479219,0,21
10:06:15,25650,-45.6729219,0,21
10:06:30,25575,-45.7979219,0,21
10:06:45,25500,-45.9229219,0,21
10:07:00,25425,-46.0479219,0,21
10:07:15,25350,-46.1729219,0,21
10:07:30,25275,-46.2979219,0,21
10:07:45,25200,-46.4229219,0,21
10:08:00,25125,-46.5479219,0,21
10:08:15,25050,-46.6729219,0,21
10:08:30,24975,-46.7979219,0,21
10:08:45,24900,-46.9229219,0,21
10:09:00,24825,-47.0479219,0,21
10:09:15,24750,-47.1729219,0,21
10:09:30,24675,-47.2979219,0,21
10:09:45,24600,-47.4229219,0,21
10:10:00,24525,-47.5479219,0,21
10:10:15,24450,-47.6729219,0,21
10:10:30,24375,-47.7979219,0,21
10:10:45,24300,-47.9229219,0,21
10:11:00,24225,-48.0479219,0,21
10:11:15,24150,-48.1729219,0,21
10:11:30,24075,-48.2979219,0,21
10:11:45,24000,-48.4229219,0,21
10:12:00,23925,-48.5479219,0,21
10:12:15,23850,-48.6729219,0,21
10:12:30,23775,-48.7979219,0,21
10:12:45,23700,-48.9229219,0,21
10:13:00,23625,-49.0479219,0,21
10:13:15,23550,-49.1729219,0,21
10:13:30,23475,-49.2979219,0,21
10:13:45,23400,-49.4229219,0,21
10:14:00,23325,-49.5479219,0,21
10:14:15,23250,-49.6729219,0,21
10:14:30,23175,-49.7979219,0,21
10:14:45,23100,-49.9229219,0,21
10:15:00,23025,-50.0479219,0,21
10:15:15,22950,-50.1729219,0,21
10:15:30,22875,-50.2979219,0,21
10:15:45,22800,-50.4229219,0,21
10:16:00,22725,-50.5479219,0,21
10:16:15,22650,-50.6729219,0,21
10:16:30,22575,-50.7979219,0,21
10:16:45,22500,-50.9229219,0,21
10:17:00,22425,-51.0479219,0,21
10:17:15,22350,-51.1729219,0,21
10:17:30,22275,-51.2979219,0,21
10:17:45,22200,-51.4229219,0,21
10:18:00,22125,-51.5479219,0,21
10:18:15,22050,-51.6729219,0,21
10:18:30,21975,-51.7979219,0,21
10:18:45,21900,-51.9229219,0,21
10:19:00,21825,-52.0479219,0,21
10:19:15,21750,-52.1729219,0,21
10:19:30,21675,-52.2979219,0,21
10:19:45,21600,-52.4229219,0,21
10:20:00,21525,-52.5479219,0,21
10:20:15,21450,-52.6729219,0,21
10:20:30,21375,-52.7979219,0,21
10:20:45,21300,-52.9229219,0,21
10:21:00,21225,-53.0479219,0,21
10:21:15,21150,-53.1729219,0,21
10:21:30,21075,-53.2979219,0,21
10:21:45,21000,-53.4229219,0,21
10:22:00,20925,-53.5479219,0,21
10:22:15,20850,-53.6729219,0,21
10:22:30,20775,-53.7979219,0,21
10:22:45,20700,-53.9229219,0,21
10:23:00,20625,-54.0479219,0,21
10:23:15,20550,-54.1729219,0,21
10:23:30,20475,-54.2979219,0,21
10:23:45,20400,-54.4229219,0,21
10:24:00,20325,-54.5479219,0,21
10:24:15,20250,-54.6729219,0,21
10:24:30,20175,-54.7979219,0,21
10:24:45,20100,-54.9229219,0,21
10:25:00,20025,-55.0479219,0,21
10:25:15,19950,-55,0,21
10:25:30,19875,-55,0,21
10:25:45,19800,-55,0,21
10:26:00,19725,-55,0,21
10:26:15,19650,-55,0,21
10:26:30,19575,-55,0,21
10:26:45,19500,-55,0,21
10:27:00,19425,-55,0,21
10:27:15,19350,-55,0,21
10:27:30,19275,-55,0,21
10:27:45,19200,-55,0,21
10:28:00,19125,-55,0,21
10:28:15,19050,-55,0,21
10:28:30,18975,-55,0,21
10:28:45,18900,-55,0,21
10:29:00,18825,-55,0,21
10:29:15,18750,-55,0,21
10:29:30,18675,-55,0,21
10:29:45,18600,-55,0,21
10:30:00,18525,-55,0,21
10:30:15,18450,-55,0,21
10:30:30,18375,-55,0,21
10:30:45,18300,-55,0,21
10:31:00,18225,-55,0,21
10:31:15,18150,-55,0,21
10:31:30,18075,-55,0,21
10:31:45,18000,-55,0,21
10:32:00,17925,-55,0,21
10:32:15,17850,-55,0,21
10:32:30,17775,-55,0,21
10:32:45,17700,-55,0,21
10:33:00,17625,-55,0,21
10:33:15,17550,-55,0,21
10:33:30,17475,-55,0,21
10:33:45,17400,-55,0,21
10:34:00,17325,-55,0,21
10:34:15,17250,-55,0,21
10:34:30,17175,-55,0,21
10:34:45,17100,-55,0,21
10:35:00,17025,-55,0,21
10:35:15,16950,-55,0,21
10:35:30,16875,-55,0,21
10:35:45,16800,-55,0,21
10:36:00,16725,-55,0,21
10:36:15,16650,-55,0,21
10:36:30,16575,-55,0,21
10:36:45,16500,-55,0,21
10:37:00,16425,-55,0,21
10:37:15,16350,-55,0,21
10:37:30,16275,-55,0,21
10:37:45,16200,-55,0,21
10:38:00,16125,-55,0,21
10:38:15,16050,-55,0,21
10:38:30,15975,-55,0,21
10:38:45,15900,-55,0,21
10:39:00,15825,-55,0,21
10:39:15,15750,-55,0,21
10:39:30,15675,-55,0,21
10:39:45,15600,-55,0,21
10:40:00,15525,-55,0,21
10:40:15,15450,-55,0,21
10:40:30,15375,-55,0,21
10:40:45,15300,-55,0,21
10:41:00,15225,-55,0,21
10:41:15,15150,-55,0,21
10:41:30,15075,-55,0,21
10:41:45,15000,-55,0,21
10:42:00,14925,-55,0,21
10:42:15,14850,-55,0,21
10:42:30,14775,-55,0,21
10:42:45,14700,-55,0,21
10:43:00,14625,-55,0,21
10:43:15,14550,-55,0,21
10:43:30,14475,-55,0,21
10:43:45,14400,-55,0,21
10:44:00,14325,-55,0,21
10:44:15,14250,-55,0,21
10:44:30,14175,-55,0,21
10:44:45,14100,-55,0,21
10:45:00,14025,-55,0,21
10:45:15,13950,-55,0,21
10:45:30,13875,-55,0,21
10:45:45,13800,-55,0,21
10:46:00,13725,-55,0,21
10:46:15,13650,-55,0,21
10:46:30,13575,-55,0,21
10:46:45,13500,-55,0,21
10:47:00,13425,-55,0,21
10:47:15,13350,-55,0,21
10:47:30,13275,-55,0,21
10:47:45,13200,-55,0,21
10:48:00,13125,-55,0,21
10:48:15,13050,-55,0,21
10:48:30,12975,-55,0,21
10:48:45,12900,-55,0,21
10:49:00,12825,-55,0,21
10:49:15,12750,-55,0,21
10:49:30,12675,-55,0,21
10:49:45,12600,-55,0,21
10:50:00,12525,-55,0,21
10:50:15,12450,-55,0,21
10:50:30,12375,-55,0,21
10:50:45,12300,-55,0,21
10:51:00,12225,-55,0,21
10:51:15,12150,-55,0,21
10:51:30,12075,-55,0,21
10:51:45,12000,-55,0,21
10:52:00,11925,-55,0,21
10:52:15,11850,-55,0,21
10:52:30,11775,-55,0,21
10:52:45,11700,-55,0,21
10:53:00,11625,-55,0,21
10:53:15,11550,-55,0,21
10:53:30,11475,-55,0,21
10:53:45,11400,-55,0,21
10:54:00,11325,-55,0,21
10:54:15,11250,-55,0,21
10:54:30,11175,-55,0,21
10:54:45,11100,-55,0,21
10:55:00,11025,-55,0,21
10:55:15,10950,-55,0,21
10:55:30,10875,-55,0,21
10:55:45,10800,-55,0,21
10:56:00,10725,-55,0,21
10:56:15,10650,-55,0,21
10:56:30,10575,-55,0,21
10:56:45,10500,-55,0,21
10:57:00,10425,-55,0,21
10:57:15,10350,-55,0,21
10:57:30,10275,-55,0,21
10:57:45,10200,-55,0,21
10:58:00,10125,-55,0,21
10:58:15,10050,-54.4402985,0,21
10:58:30,9975,-53.880597,0,21
10:58:45,9900,-53.3208955,0,21
10:59:00,9825,-52.761194,0,21
10:59:15,9750,-52.2014925,0,21
10:59:30,9675,-51.641791,0,21
10:59:45,9600,-51.0820895,0,21
11:00:00,9525,-50.522388,0,21
11:00:15,9450,-49.9626865,0,21
11:00:30,9375,-49.402985,0,21
11:00:45,9300,-48.8432835,0,21
11:01:00,9225,-48.283582,0,21
11:01:15,9150,-47.7238805,0,21
11:01:30,9075,-47.164179,0,21
11:01:45,9000,-46.6044775,0,21
11:02:00,8925,-46.044776,0,21
11:02:15,8850,-45.4850745,0,21
11:02:30,8775,-44.925373,0,21
11:02:45,8700,-44.3656715,0,21
11:03:00,8625,-43.80597,0,21
11:03:15,8550,-43.2462685,0,21
11:03:30,8475,-42.686567,0,21
11:03:45,8400,-42.1268655,0,21
11:04:00,8325,-41.567164,0,21
11:04:15,8250,-41.0074625,0,21
11:04:30,8175,-40.447761,0,21
11:04:45,8100,-39.8880595,0,21
11:05:00,8025,-39.328358,0,21
11:05:15,7950,-38.7686565,0,21
11:05:30,7875,-38.208955,0,21
11:05:45,7800,-37.6492535,0,21
11:06:00,7725,-37.089552,0,21
11:06:15,7650,-36.5298505,0,21
11:06:30,7575,-35.970149,0,21
11:06:45,7500,-35.4104475,0,21
11:07:00,7425,-34.850746,0,21
11:07:15,7350,-34.2910445,0,21
11:07:30,7275,-33.731343,0,21
11:07:45,7200,-33.1716415,0,21
11:08:00,7125,-32.61194,0,21
11:08:15,7050,-32.0522385,0,21
11:08:30,6975,-31.492537,0,21
11:08:45,6900,-30.9328355,0,21
11:09:00,6825,-30.373134,0,21
11:09:15,6750,-29.8134325,0,21
11:09:30,6675,-29.253731,0,21
11:09:45,6600,-28.6940295,0,21
11:10:00,6525,-28.134328,0,21
11:10:15,6450,-27.5746265,0,21
11:10:30,6375,-27.014925,0,21
11:10:45,6300,-26.4552235,0,21
11:11:00,6225,-25.895522,0,21
11:11:15,6150,-25.3358205,0,21
11:11:30,6075,-24.776119,0,21
11:11:45,6000,-24.2164175,0,21
11:12:00,5925,-23.656716,0,21
11:12:15,5850,-23.0970145,0,21
11:12:30,5775,-22.537313,0,21
11:12:45,5700,-21.9776115,0,21
11:13:00,5625,-21.41791,0,21
11:13:15,5550,-20.8582085,0,21
11:13:30,5475,-20.298507,0,21
11:13:45,5400,-19.7388055,0,21
11:14:00,5325,-19.179104,0,21
11:14:15,5250,-18.6194025,0,21
11:14:30,5175,-18.059701,0,21
11:14:45,5100,-17.4999995,0,21
11:15:00,5025,-16.940298,0,21
11:15:15,4950,-16.3805965,0,21
11:15:30,4875,-15.820895,0,21
11:15:45,4800,-15.2611935,0,21
11:16:00,4725,-14.701492,0,21
11:16:15,4650,-14.1417905,0,21
11:16:30,4575,-13.582089,0,21
11:16:45,4500,-13.0223875,0,21
11:17:00,4425,-12.462686,0,21
11:17:15,4350,-11.9029845,0,21
11:17:30,4275,-11.343283,0,21
11:17:45,4200,-10.7835815,0,21
11:18:00,4125,-10.22388,0,21
11:18:15,4050,-9.6641785,0,21
11:18:30,3975,-9.104477,0,21
11:18:45,3900,-8.5447755,0,21
11:19:00,3825,-7.985074,0,21
11:19:15,3750,-7.4253725,0,21
11:19:30,3675,-6.865671,0,21
11:19:45,3600,-6.3059695,0,21
11:20:00,3525,-5.746268,0,21
11:20:15,3450,-5.1865665,0,21
11:20:30,3375,-4.626865,0,21
11:20:45,3300,-4.0671635,0,21
11:21:00,3225,-3.507462,0,21
11:21:15,3150,-2.9477605,0,21
11:21:30,3075,-2.388059,0,21
11:21:45,3000,-1.8283575,0,21
11:22:00,2925,-1.268656,0,21
11:22:15,2850,-0.7089545,0,21
11:22:30,2775,-0.149253,0,21
11:22:45,2700,0.4104485,0,21
11:23:00,2625,0.97015,0,21
11:23:15,2550,1.5298515,0,21
11:23:30,2475,2.089553,0,21
11:23:45,2400,2.6492545,0,21
11:24:00,2325,3.208956,0,21
11:24:15,2250,3.7686575,0,21
11:24:30,2175,4.328359,0,21
11:24:45,2100,4.8880605,0,21
11:25:00,2025,5.447762,0,21
11:25:15,1950,6.0074635,0,21
11:25:30,1875,6.567165,0,21
11:25:45,1800,7.1268665,0,21
11:26:00,1725,7.686568,0,21
11:26:15,1650,8.2462695,0,21
11:26:30,1575,8.805971,0,21
11:26:45,1500,9.3656725,0,21
11:27:00,1425,9.925374,0,21
11:27:15,1350,10.4850755,0,21
11:27:30,1275,11.044777,0,21
11:27:45,1200,11.6044785,0,21
11:28:00,1125,12.16418,0,21
11:28:15,1050,12.7238815,0,21
11:28:30,975,13.283583,0,21
11:28:45,900,13.8432845,0,21
11:29:00,825,14.402986,0,21
11:29:15,750,14.9626875,0,21
11:29:30,675,15.522389,0,21
11:29:45,600,16.0820905,0,21
11:30:00,525,16.641792,0,21
11:30:15,450,17.2014935,0,21
11:30:30,375,17.761195,0,21
11:30:45,300,18.3208965,0,21
11:31:00,225,18.880598,0,21
11:31:15,150,19.4402995,0,21
11:31:30,75,20.000001,0,21
11:31:45,0,20.5597025,0,21