Altitude,Temperature
0,21
8,21
16,21
24,21
32,21
40,21
48,21
56,21
64,20.94
72,20.88
80,20.82
88,20.76
96,20.7
104,20.64
112,20.58
120,20.52
128,20.46
136,20.4
144,20.34
152,20.28
160,20.22
168,20.16
176,20.1
184,20.04
192,19.98
200,19.92
208,19.86
216,19.8
224,19.74
232,19.68
240,19.62
248,19.56
256,19.5
264,19.44
272,19.38
280,19.32
288,19.26
296,19.2
304,19.14
312,19.08
320,19.02
328,18.96
336,18.9
344,18.84
352,18.78
360,18.72
368,18.66
376,18.6
384,18.54
392,18.48
400,18.42
408,18.36
416,18.3
424,18.24
432,18.18
440,18.12
448,18.06
456,18
464,17.94
472,17.88
480,17.82
488,17.76
496,17.7
504,17.64
512,17.58
520,17.52
528,17.46
536,17.4
544,17.34
552,17.28
560,17.22
568,17.16
576,17.1
584,17.04
592,16.98
600,16.92
608,16.86
616,16.8
624,16.74
632,16.68
640,16.62
648,16.56
656,16.5
664,16.44
672,16.38
680,16.32
688,16.26
696,16.2
704,16.14
712,16.08
720,16.02
728,15.96
736,15.9
744,15.84
752,15.78
760,15.72
768,15.66
776,15.6
784,15.54
792,15.48
800,15.42
808,15.36
816,15.3
824,15.24
832,15.18
840,15.12
848,15.06
856,15
864,14.94
872,14.88
880,14.82
888,14.76
896,14.7
904,14.64
912,14.58
920,14.52
928,14.46
936,14.4
944,14.34
952,14.28
960,14.22
968,14.16
976,14.1
984,14.04
992,13.98
1000,13.92
1008,13.86
1016,13.8
1024,13.74
1032,13.68
1040,13.62
1048,13.56
1056,13.5
1064,13.44
1072,13.38
1080,13.32
1088,13.26
1096,13.2
1104,13.14
1112,13.08
1120,13.02
1128,12.96
1136,12.9
1144,12.84
1152,12.78
1160,12.72
1168,12.66
1176,12.6
1184,12.54
1192,12.48
1200,12.42
1208,12.36
1216,12.3
1224,12.24
1232,12.18
1240,12.12
1248,12.06
1256,12
1264,11.94
1272,11.88
1280,11.82
1288,11.76
1296,11.7
1304,11.64
1312,11.58
1320,11.52
1328,11.46
1336,11.4
1344,11.34
1352,11.28
1360,11.22
1368,11.16
1376,11.1
1384,11.04
1392,10.98
1400,10.92
1408,10.86
1416,10.8
1424,10.74
1432,10.68
1440,10.62
1448,10.56
1456,10.5
1464,10.44
1472,10.38
1480,10.32
1488,10.26
1496,10.2
1504,10.14
1512,10.08
1520,10.02
1528,9.96
1536,9.9
1544,9.84
1552,9.78
1560,9.72
1568,9.66
1576,9.6
1584,9.54
1592,9.48
1600,9.42
1608,9.36
1616,9.3
1624,9.24
1632,9.18
1640,9.12
1648,9.06
1656,9
1664,8.94
1672,8.88
1680,8.82
1688,8.76
1696,8.7
1704,8.64
1712,8.58
1720,8.52
1728,8.46
1736,8.4
1744,8.34
1752,8.28
1760,8.22
1768,8.16
1776,8.1
1784,8.04
1792,7.98
1800,7.92
1808,7.86
1816,7.8
1824,7.74
1832,7.68
1840,7.62
1848,7.56
1856,7.5
1864,7.44
1872,7.38
1880,7.32
1888,7.26
1896,7.2
1904,7.14
1912,7.08
1920,7.02
1928,6.96
1936,6.9
1944,6.84
1952,6.78
1960,6.72
1968,6.66
1976,6.6
1984,6.54
1992,6.48
2000,6.42
2008,6.36
2016,6.3
2024,6.24
2032,6.18
2040,6.12
2048,6.06
2056,6
2064,5.94
2072,5.88
2080,5.82
2088,5.76
2096,5.7
2104,5.64
2112,5.58
2120,5.52
2128,5.46
2136,5.4
2144,5.34
2152,5.28
2160,5.22
2168,5.16
2176,5.1
2184,5.04
2192,4.98
2200,4.92
2208,4.86
2216,4.8
2224,4.74
2232,4.68
2240,4.62
2248,4.56
2256,4.5
2264,4.44
2272,4.38
2280,4.32
2288,4.26
2296,4.2
2304,4.14
2312,4.08
2320,4.02
2328,3.96
2336,3.9
2344,3.84
2352,3.78
2360,3.72
2368,3.66
2376,3.6
2384,3.54
2392,3.48
2400,3.42
2408,3.36
2416,3.3
2424,3.24
2432,3.18
2440,3.12
2448,3.06
2456,3
2464,2.94
2472,2.88
2480,2.82
2488,2.76
2496,2.7
2504,2.64
2512,2.58
2520,2.52
2528,2.46
2536,2.4
2544,2.34
2552,2.28
2560,2.22
2568,2.16
2576,2.1
2584,2.04
2592,1.98
2600,1.92
2608,1.86
2616,1.8
2624,1.74
2632,1.68
2640,1.62
2648,1.56
2656,1.5
2664,1.44
2672,1.38
2680,1.32
2688,1.26
2696,1.2
2704,1.14
2712,1.08
2720,1.02
2728,0.96
2736,0.9
2744,0.84
2752,0.78
2760,0.72
2768,0.66
2776,0.6
2784,0.54
2792,0.48
2800,0.42
2808,0.36
2816,0.3
2824,0.24
2832,0.18
2840,0.12
2848,0.06
2856,0
2864,-0.06
2872,-0.12
2880,-0.18
2888,-0.24
2896,-0.3
2904,-0.36
2912,-0.42
2920,-0.48
2928,-0.54
2936,-0.6
2944,-0.66
2952,-0.72
2960,-0.78
2968,-0.84
2976,-0.9
2984,-0.96
2992,-1.02
3000,-1.08
3008,-1.14
3016,-1.2
3024,-1.26
3032,-1.32
3040,-1.38
3048,-1.44
3056,-1.5
3064,-1.56
3072,-1.62
3080,-1.68
3088,-1.74
3096,-1.8
3104,-1.86
3112,-1.92
3120,-1.98
3128,-2.04
3136,-2.1
3144,-2.16
3152,-2.22
3160,-2.28
3168,-2.34
3176,-2.4
3184,-2.46
3192,-2.52
3200,-2.58
3208,-2.64
3216,-2.7
3224,-2.76
3232,-2.82
3240,-2.88
3248,-2.94
3256,-3
3264,-3.06
3272,-3.12
3280,-3.18
3288,-3.24
3296,-3.3
3304,-3.36
3312,-3.42
3320,-3.48
3328,-3.54
3336,-3.6
3344,-3.66
3352,-3.72
3360,-3.78
3368,-3.84
3376,-3.9
3384,-3.96
3392,-4.02
3400,-4.08
3408,-4.14
3416,-4.2
3424,-4.26
3432,-4.32
3440,-4.38
3448,-4.44
3456,-4.5
3464,-4.56
3472,-4.62
3480,-4.68
3488,-4.74
3496,-4.8
3504,-4.86
3512,-4.92
3520,-4.98
3528,-5.04
3536,-5.1
3544,-5.16
3552,-5.22
3560,-5.28
3568,-5.34
3576,-5.4
3584,-5.46
3592,-5.52
3600,-5.58
3608,-5.64
3616,-5.7
3624,-5.76
3632,-5.82
3640,-5.88
3648,-5.94
3656,-6
3664,-6.06
3672,-6.12
3680,-6.18
3688,-6.24
3696,-6.3
3704,-6.36
3712,-6.42
3720,-6.48
3728,-6.54
3736,-6.6
3744,-6.66
3752,-6.72
3760,-6.78
3768,-6.84
3776,-6.9
3784,-6.96
3792,-7.02
3800,-7.08
3808,-7.14
3816,-7.2
3824,-7.26
3832,-7.32
3840,-7.38
3848,-7.44
3856,-7.5
3864,-7.56
3872,-7.62
3880,-7.68
3888,-7.74
3896,-7.8
3904,-7.86
3912,-7.92
3920,-7.98
3928,-8.04
3936,-8.1
3944,-8.16
3952,-8.22
3960,-8.28
3968,-8.34
3976,-8.4
3984,-8.46
3992,-8.52
4000,-8.58
4008,-8.64
4016,-8.7
4024,-8.76
4032,-8.82
4040,-8.88
4048,-8.94
4056,-9
4064,-9.06
4072,-9.12
4080,-9.18
4088,-9.24
4096,-9.3
4104,-9.36
4112,-9.42
4120,-9.48
4128,-9.54
4136,-9.6
4144,-9.66
4152,-9.72
4160,-9.78
4168,-9.84
4176,-9.9
4184,-9.96
4192,-10.02
4200,-10.08
4208,-10.14
4216,-10.2
4224,-10.26
4232,-10.32
4240,-10.38
4248,-10.44
4256,-10.5
4264,-10.56
4272,-10.62
4280,-10.68
4288,-10.74
4296,-10.8
4304,-10.86
4312,-10.92
4320,-10.98
4328,-11.04
4336,-11.1
4344,-11.16
4352,-11.22
4360,-11.28
4368,-11.34
4376,-11.4
4384,-11.46
4392,-11.52
4400,-11.58
4408,-11.64
4416,-11.7
4424,-11.76
4432,-11.82
4440,-11.88
4448,-11.94
4456,-12
4464,-12.06
4472,-12.12
4480,-12.18
4488,-12.24
4496,-12.3
4504,-12.36
4512,-12.42
4520,-12.48
4528,-12.54
4536,-12.6
4544,-12.66
4552,-12.72
4560,-12.78
4568,-12.84
4576,-12.9
4584,-12.96
4592,-13.02
4600,-13.08
4608,-13.14
4616,-13.2
4624,-13.26
4632,-13.32
4640,-13.38
4648,-13.44
4656,-13.5
4664,-13.56
4672,-13.62
4680,-13.68
4688,-13.74
4696,-13.8
4704,-13.86
4712,-13.92
4720,-13.98
4728,-14.04
4736,-14.1
4744,-14.16
4752,-14.22
4760,-14.28
4768,-14.34
4776,-14.4
4784,-14.46
4792,-14.52
4800,-14.58
4808,-14.64
4816,-14.7
4824,-14.76
4832,-14.82
4840,-14.88
4848,-14.94
4856,-15
4864,-15.06
4872,-15.12
4880,-15.18
4888,-15.24
4896,-15.3
4904,-15.36
4912,-15.42
4920,-15.48
4928,-15.54
4936,-15.6
4944,-15.66
4952,-15.72
4960,-15.78
4968,-15.84
4976,-15.9
4984,-15.96
4992,-16.02
5000,-16.08
5008,-16.14
5016,-16.2
5024,-16.26
5032,-16.32
5040,-16.38
5048,-16.44
5056,-16.5
5064,-16.56
5072,-16.62
5080,-16.68
5088,-16.74
5096,-16.8
5104,-16.86
5112,-16.92
5120,-16.98
5128,-17.04
5136,-17.1
5144,-17.16
5152,-17.22
5160,-17.28
5168,-17.34
5176,-17.4
5184,-17.46
5192,-17.52
5200,-17.58
5208,-17.64
5216,-17.7
5224,-17.76
5232,-17.82
5240,-17.88
5248,-17.94
5256,-18
5264,-18.06
5272,-18.12
5280,-18.18
5288,-18.24
5296,-18.3
5304,-18.36
5312,-18.42
5320,-18.48
5328,-18.54
5336,-18.6
5344,-18.66
5352,-18.72
5360,-18.78
5368,-18.84
5376,-18.9
5384,-18.96
5392,-19.02
5400,-19.08
5408,-19.14
5416,-19.2
5424,-19.26
5432,-19.32
5440,-19.38
5448,-19.44
5456,-19.5
5464,-19.56
5472,-19.62
5480,-19.68
5488,-19.74
5496,-19.8
5504,-19.86
5512,-19.92
5520,-19.98
5528,-20.04
5536,-20.1
5544,-20.16
5552,-20.22
5560,-20.28
5568,-20.34
5576,-20.4
5584,-20.46
5592,-20.52
5600,-20.58
5608,-20.64
5616,-20.7
5624,-20.76
5632,-20.82
5640,-20.88
5648,-20.94
5656,-21
5664,-21.06
5672,-21.12
5680,-21.18
5688,-21.24
5696,-21.3
5704,-21.36
5712,-21.42
5720,-21.48
5728,-21.54
5736,-21.6
5744,-21.66
5752,-21.72
5760,-21.78
5768,-21.84
5776,-21.9
5784,-21.96
5792,-22.02
5800,-22.08
5808,-22.14
5816,-22.2
5824,-22.26
5832,-22.32
5840,-22.38
5848,-22.44
5856,-22.5
5864,-22.56
5872,-22.62
5880,-22.68
5888,-22.74
5896,-22.8
5904,-22.86
5912,-22.92
5920,-22.98
5928,-23.04
5936,-23.1
5944,-23.16
5952,-23.22
5960,-23.28
5968,-23.34
5976,-23.4
5984,-23.46
5992,-23.52
6000,-23.58
6008,-23.64
6016,-23.7
6024,-23.76
6032,-23.82
6040,-23.88
6048,-23.94
6056,-24
6064,-24.06
6072,-24.12
6080,-24.18
6088,-24.24
6096,-24.3
6104,-24.36
6112,-24.42
6120,-24.48
6128,-24.54
6136,-24.6
6144,-24.66
6152,-24.72
6160,-24.78
6168,-24.84
6176,-24.9
6184,-24.96
6192,-25.02
6200,-25.08
6208,-25.14
6216,-25.2
6224,-25.26
6232,-25.32
6240,-25.38
6248,-25.44
6256,-25.5
6264,-25.56
6272,-25.62
6280,-25.68
6288,-25.74
6296,-25.8
6304,-25.86
6312,-25.92
6320,-25.98
6328,-26.04
6336,-26.1
6344,-26.16
6352,-26.22
6360,-26.28
6368,-26.34
6376,-26.4
6384,-26.46
6392,-26.52
6400,-26.58
6408,-26.64
6416,-26.7
6424,-26.76
6432,-26.82
6440,-26.88
6448,-26.94
6456,-27
6464,-27.06
6472,-27.12
6480,-27.18
6488,-27.24
6496,-27.3
6504,-27.36
6512,-27.42
6520,-27.48
6528,-27.54
6536,-27.6
6544,-27.66
6552,-27.72
6560,-27.78
6568,-27.84
6576,-27.9
6584,-27.96
6592,-28.02
6600,-28.08
6608,-28.14
6616,-28.2
6624,-28.26
6632,-28.32
6640,-28.38
6648,-28.44
6656,-28.5
6664,-28.56
6672,-28.62
6680,-28.68
6688,-28.74
6696,-28.8
6704,-28.86
6712,-28.92
6720,-28.98
6728,-29.04
6736,-29.1
6744,-29.16
6752,-29.22
6760,-29.28
6768,-29.34
6776,-29.4
6784,-29.46
6792,-29.52
6800,-29.58
6808,-29.64
6816,-29.7
6824,-29.76
6832,-29.82
6840,-29.88
6848,-29.94
6856,-30
6864,-30.06
6872,-30.12
6880,-30.18
6888,-30.24
6896,-30.3
6904,-30.36
6912,-30.42
6920,-30.48
6928,-30.54
6936,-30.6
6944,-30.66
6952,-30.72
6960,-30.78
6968,-30.84
6976,-30.9
6984,-30.96
6992,-31.02
7000,-31.08
7008,-31.14
7016,-31.2
7024,-31.26
7032,-31.32
7040,-31.38
7048,-31.44
7056,-31.5
7064,-31.56
7072,-31.62
7080,-31.68
7088,-31.74
7096,-31.8
7104,-31.86
7112,-31.92
7120,-31.98
7128,-32.04
7136,-32.1
7144,-32.16
7152,-32.22
7160,-32.28
7168,-32.34
7176,-32.4
7184,-32.46
7192,-32.52
7200,-32.58
7208,-32.64
7216,-32.7
7224,-32.76
7232,-32.82
7240,-32.88
7248,-32.94
7256,-33
7264,-33.06
7272,-33.12
7280,-33.18
7288,-33.24
7296,-33.3
7304,-33.36
7312,-33.42
7320,-33.48
7328,-33.54
7336,-33.6
7344,-33.66
7352,-33.72
7360,-33.78
7368,-33.84
7376,-33.9
7384,-33.96
7392,-34.02
7400,-34.08
7408,-34.14
7416,-34.2
7424,-34.26
7432,-34.32
7440,-34.38
7448,-34.44
7456,-34.5
7464,-34.56
7472,-34.62
7480,-34.68
7488,-34.74
7496,-34.8
7504,-34.86
7512,-34.92
7520,-34.98
7528,-35.04
7536,-35.1
7544,-35.16
7552,-35.22
7560,-35.28
7568,-35.34
7576,-35.4
7584,-35.46
7592,-35.52
7600,-35.58
7608,-35.64
7616,-35.7
7624,-35.76
7632,-35.82
7640,-35.88
7648,-35.94
7656,-36
7664,-36.06
7672,-36.12
7680,-36.18
7688,-36.24
7696,-36.3
7704,-36.36
7712,-36.42
7720,-36.48
7728,-36.54
7736,-36.6
7744,-36.66
7752,-36.72
7760,-36.78
7768,-36.84
7776,-36.9
7784,-36.96
7792,-37.02
7800,-37.08
7808,-37.14
7816,-37.2
7824,-37.26
7832,-37.32
7840,-37.38
7848,-37.44
7856,-37.5
7864,-37.56
7872,-37.62
7880,-37.68
7888,-37.74
7896,-37.8
7904,-37.86
7912,-37.92
7920,-37.98
7928,-38.04
7936,-38.1
7944,-38.16
7952,-38.22
7960,-38.28
7968,-38.34
7976,-38.4
7984,-38.46
7992,-38.52
8000,-38.58
8008,-38.64
8016,-38.7
8024,-38.76
8032,-38.82
8040,-38.88
8048,-38.94
8056,-39
8064,-39.06
8072,-39.12
8080,-39.18
8088,-39.24
8096,-39.3
8104,-39.36
8112,-39.42
8120,-39.48
8128,-39.54
8136,-39.6
8144,-39.66
8152,-39.72
8160,-39.78
8168,-39.84
8176,-39.9
8184,-39.96
8192,-40.02
8200,-40.08
8208,-40.14
8216,-40.2
8224,-40.26
8232,-40.32
8240,-40.38
8248,-40.44
8256,-40.5
8264,-40.56
8272,-40.62
8280,-40.68
8288,-40.74
8296,-40.8
8304,-40.86
8312,-40.92
8320,-40.98
8328,-41.04
8336,-41.1
8344,-41.16
8352,-41.22
8360,-41.28
8368,-41.34
8376,-41.4
8384,-41.46
8392,-41.52
8400,-41.58
8408,-41.64
8416,-41.7
8424,-41.76
8432,-41.82
8440,-41.88
8448,-41.94
8456,-42
8464,-42.06
8472,-42.12
8480,-42.18
8488,-42.24
8496,-42.3
8504,-42.36
8512,-42.42
8520,-42.48
8528,-42.54
8536,-42.6
8544,-42.66
8552,-42.72
8560,-42.78
8568,-42.84
8576,-42.9
8584,-42.96
8592,-43.02
8600,-43.08
8608,-43.14
8616,-43.2
8624,-43.26
8632,-43.32
8640,-43.38
8648,-43.44
8656,-43.5
8664,-43.56
8672,-43.62
8680,-43.68
8688,-43.74
8696,-43.8
8704,-43.86
8712,-43.92
8720,-43.98
8728,-44.04
8736,-44.1
8744,-44.16
8752,-44.22
8760,-44.28
8768,-44.34
8776,-44.4
8784,-44.46
8792,-44.52
8800,-44.58
8808,-44.64
8816,-44.7
8824,-44.76
8832,-44.82
8840,-44.88
8848,-44.94
8856,-45
8864,-45.06
8872,-45.12
8880,-45.18
8888,-45.24
8896,-45.3
8904,-45.36
8912,-45.42
8920,-45.48
8928,-45.54
8936,-45.6
8944,-45.66
8952,-45.72
8960,-45.78
8968,-45.84
8976,-45.9
8984,-45.96
8992,-46.02
9000,-46.08
9008,-46.14
9016,-46.2
9024,-46.26
9032,-46.32
9040,-46.38
9048,-46.44
9056,-46.5
9064,-46.56
9072,-46.62
9080,-46.68
9088,-46.74
9096,-46.8
9104,-46.86
9112,-46.92
9120,-46.98
9128,-47.04
9136,-47.1
9144,-47.16
9152,-47.22
9160,-47.28
9168,-47.34
9176,-47.4
9184,-47.46
9192,-47.52
9200,-47.58
9208,-47.64
9216,-47.7
9224,-47.76
9232,-47.82
9240,-47.88
9248,-47.94
9256,-48
9264,-48.06
9272,-48.12
9280,-48.18
9288,-48.24
9296,-48.3
9304,-48.36
9312,-48.42
9320,-48.48
9328,-48.54
9336,-48.6
9344,-48.66
9352,-48.72
9360,-48.78
9368,-48.84
9376,-48.9
9384,-48.96
9392,-49.02
9400,-49.08
9408,-49.14
9416,-49.2
9424,-49.26
9432,-49.32
9440,-49.38
9448,-49.44
9456,-49.5
9464,-49.56
9472,-49.62
9480,-49.68
9488,-49.74
9496,-49.8
9504,-49.86
9512,-49.92
9520,-49.98
9528,-50.04
9536,-50.1
9544,-50.16
9552,-50.22
9560,-50.28
9568,-50.34
9576,-50.4
9584,-50.46
9592,-50.52
9600,-50.58
9608,-50.64
9616,-50.7
9624,-50.76
9632,-50.82
9640,-50.88
9648,-50.94
9656,-51
9664,-51.06
9672,-51.12
9680,-51.18
9688,-51.24
9696,-51.3
9704,-51.36
9712,-51.42
9720,-51.48
9728,-51.54
9736,-51.6
9744,-51.66
9752,-51.72
9760,-51.78
9768,-51.84
9776,-51.9
9784,-51.96
9792,-52.02
9800,-52.08
9808,-52.14
9816,-52.2
9824,-52.26
9832,-52.32
9840,-52.38
9848,-52.44
9856,-52.5
9864,-52.56
9872,-52.62
9880,-52.68
9888,-52.74
9896,-52.8
9904,-52.86
9912,-52.92
9920,-52.98
9928,-53.04
9936,-53.1
9944,-53.16
9952,-53.22
9960,-53.28
9968,-53.34
9976,-53.4
9984,-53.46
9992,-53.52
10000,-53.58
10008,-53.64
10016,-53.7
10024,-53.76
10032,-53.82
10040,-53.88
10048,-53.94
10056,-54
10064,-54.06
10072,-54.12
10080,-54.18
10088,-54.24
10096,-54.3
10104,-54.36
10112,-54.42
10120,-54.48
10128,-54.54
10136,-54.6
10144,-54.66
10152,-54.72
10160,-54.78
10168,-54.84
10176,-54.9
10184,-54.96
10192,-55
10200,-55
10208,-55
10216,-55
10224,-55
10232,-55
10240,-55
10248,-55
10256,-55
10264,-55
10272,-55
10280,-55
10288,-55
10296,-55
10304,-55
10312,-55
10320,-55
10328,-55
10336,-55
10344,-55
10352,-55
10360,-55
10368,-55
10376,-55
10384,-55
10392,-55
10400,-55
10408,-55
10416,-55
10424,-55
10432,-55
10440,-55
10448,-55
10456,-55
10464,-55
10472,-55
10480,-55
10488,-55
10496,-55
10504,-55
10512,-55
10520,-55
10528,-55
10536,-55
10544,-55
10552,-55
10560,-55
10568,-55
10576,-55
10584,-55
10592,-55
10600,-55
10608,-55
10616,-55
10624,-55
10632,-55
10640,-55
10648,-55
10656,-55
10664,-55
10672,-55
10680,-55
10688,-55
10696,-55
10704,-55
10712,-55
10720,-55
10728,-55
10736,-55
10744,-55
10752,-55
10760,-55
10768,-55
10776,-55
10784,-55
10792,-55
10800,-55
10808,-55
10816,-55
10824,-55
10832,-55
10840,-55
10848,-55
10856,-55
10864,-55
10872,-55
10880,-55
10888,-55
10896,-55
10904,-55
10912,-55
10920,-55
10928,-55
10936,-55
10944,-55
10952,-55
10960,-55
10968,-55
10976,-55
10984,-55
10992,-55
11000,-55
11008,-55
11016,-55
11024,-55
11032,-55
11040,-55
11048,-55
11056,-55
11064,-55
11072,-55
11080,-55
11088,-55
11096,-55
11104,-55
11112,-55
11120,-55
11128,-55
11136,-55
11144,-55
11152,-55
11160,-55
11168,-55
11176,-55
11184,-55
11192,-55
11200,-55
11208,-55
11216,-55
11224,-55
11232,-55
11240,-55
11248,-55
11256,-55
11264,-55
11272,-55
11280,-55
11288,-55
11296,-55
11304,-55
11312,-55
11320,-55
11328,-55
11336,-55
11344,-55
11352,-55
11360,-55
11368,-55
11376,-55
11384,-55
11392,-55
11400,-55
11408,-55
11416,-55
11424,-55
11432,-55
11440,-55
11448,-55
11456,-55
11464,-55
11472,-55
11480,-55
11488,-55
11496,-55
11504,-55
11512,-55
11520,-55
11528,-55
11536,-55
11544,-55
11552,-55
11560,-55
11568,-55
11576,-55
11584,-55
11592,-55
11600,-55
11608,-55
11616,-55
11624,-55
11632,-55
11640,-55
11648,-55
11656,-55
11664,-55
11672,-55
11680,-55
11688,-55
11696,-55
11704,-55
11712,-55
11720,-55
11728,-55
11736,-55
11744,-55
11752,-55
11760,-55
11768,-55
11776,-55
11784,-55
11792,-55
11800,-55
11808,-55
11816,-55
11824,-55
11832,-55
11840,-55
11848,-55
11856,-55
11864,-55
11872,-55
11880,-55
11888,-55
11896,-55
11904,-55
11912,-55
11920,-55
11928,-55
11936,-55
11944,-55
11952,-55
11960,-55
11968,-55
11976,-55
11984,-55
11992,-55
12000,-55
12008,-55
12016,-55
12024,-55
12032,-55
12040,-55
12048,-55
12056,-55
12064,-55
12072,-55
12080,-55
12088,-55
12096,-55
12104,-55
12112,-55
12120,-55
12128,-55
12136,-55
12144,-55
12152,-55
12160,-55
12168,-55
12176,-55
12184,-55
12192,-55
12200,-55
12208,-55
12216,-55
12224,-55
12232,-55
12240,-55
12248,-55
12256,-55
12264,-55
12272,-55
12280,-55
12288,-55
12296,-55
12304,-55
12312,-55
12320,-55
12328,-55
12336,-55
12344,-55
12352,-55
12360,-55
12368,-55
12376,-55
12384,-55
12392,-55
12400,-55
12408,-55
12416,-55
12424,-55
12432,-55
12440,-55
12448,-55
12456,-55
12464,-55
12472,-55
12480,-55
12488,-55
12496,-55
12504,-55
12512,-55
12520,-55
12528,-55
12536,-55
12544,-55
12552,-55
12560,-55
12568,-55
12576,-55
12584,-55
12592,-55
12600,-55
12608,-55
12616,-55
12624,-55
12632,-55
12640,-55
12648,-55
12656,-55
12664,-55
12672,-55
12680,-55
12688,-55
12696,-55
12704,-55
12712,-55
12720,-55
12728,-55
12736,-55
12744,-55
12752,-55
12760,-55
12768,-55
12776,-55
12784,-55
12792,-55
12800,-55
12808,-55
12816,-55
12824,-55
12832,-55
12840,-55
12848,-55
12856,-55
12864,-55
12872,-55
12880,-55
12888,-55
12896,-55
12904,-55
12912,-55
12920,-55
12928,-55
12936,-55
12944,-55
12952,-55
12960,-55
12968,-55
12976,-55
12984,-55
12992,-55
13000,-55
13008,-55
13016,-55
13024,-55
13032,-55
13040,-55
13048,-55
13056,-55
13064,-55
13072,-55
13080,-55
13088,-55
13096,-55
13104,-55
13112,-55
13120,-55
13128,-55
13136,-55
13144,-55
13152,-55
13160,-55
13168,-55
13176,-55
13184,-55
13192,-55
13200,-55
13208,-55
13216,-55
13224,-55
13232,-55
13240,-55
13248,-55
13256,-55
13264,-55
13272,-55
13280,-55
13288,-55
13296,-55
13304,-55
13312,-55
13320,-55
13328,-55
13336,-55
13344,-55
13352,-55
13360,-55
13368,-55
13376,-55
13384,-55
13392,-55
13400,-55
13408,-55
13416,-55
13424,-55
13432,-55
13440,-55
13448,-55
13456,-55
13464,-55
13472,-55
13480,-55
13488,-55
13496,-55
13504,-55
13512,-55
13520,-55
13528,-55
13536,-55
13544,-55
13552,-55
13560,-55
13568,-55
13576,-55
13584,-55
13592,-55
13600,-55
13608,-55
13616,-55
13624,-55
13632,-55
13640,-55
13648,-55
13656,-55
13664,-55
13672,-55
13680,-55
13688,-55
13696,-55
13704,-55
13712,-55
13720,-55
13728,-55
13736,-55
13744,-55
13752,-55
13760,-55
13768,-55
13776,-55
13784,-55
13792,-55
13800,-55
13808,-55
13816,-55
13824,-55
13832,-55
13840,-55
13848,-55
13856,-55
13864,-55
13872,-55
13880,-55
13888,-55
13896,-55
13904,-55
13912,-55
13920,-55
13928,-55
13936,-55
13944,-55
13952,-55
13960,-55
13968,-55
13976,-55
13984,-55
13992,-55
14000,-55
14008,-55
14016,-55
14024,-55
14032,-55
14040,-55
14048,-55
14056,-55
14064,-55
14072,-55
14080,-55
14088,-55
14096,-55
14104,-55
14112,-55
14120,-55
14128,-55
14136,-55
14144,-55
14152,-55
14160,-55
14168,-55
14176,-55
14184,-55
14192,-55
14200,-55
14208,-55
14216,-55
14224,-55
14232,-55
14240,-55
14248,-55
14256,-55
14264,-55
14272,-55
14280,-55
14288,-55
14296,-55
14304,-55
14312,-55
14320,-55
14328,-55
14336,-55
14344,-55
14352,-55
14360,-55
14368,-55
14376,-55
14384,-55
14392,-55
14400,-55
14408,-55
14416,-55
14424,-55
14432,-55
14440,-55
14448,-55
14456,-55
14464,-55
14472,-55
14480,-55
14488,-55
14496,-55
14504,-55
14512,-55
14520,-55
14528,-55
14536,-55
14544,-55
14552,-55
14560,-55
14568,-55
14576,-55
14584,-55
14592,-55
14600,-55
14608,-55
14616,-55
14624,-55
14632,-55
14640,-55
14648,-55
14656,-55
14664,-55
14672,-55
14680,-55
14688,-55
14696,-55
14704,-55
14712,-55
14720,-55
14728,-55
14736,-55
14744,-55
14752,-55
14760,-55
14768,-55
14776,-55
14784,-55
14792,-55
14800,-55
14808,-55
14816,-55
14824,-55
14832,-55
14840,-55
14848,-55
14856,-55
14864,-55
14872,-55
14880,-55
14888,-55
14896,-55
14904,-55
14912,-55
14920,-55
14928,-55
14936,-55
14944,-55
14952,-55
14960,-55
14968,-55
14976,-55
14984,-55
14992,-55
15000,-55
15008,-55
15016,-55
15024,-55
15032,-55
15040,-55
15048,-55
15056,-55
15064,-55
15072,-55
15080,-55
15088,-55
15096,-55
15104,-55
15112,-55
15120,-55
15128,-55
15136,-55
15144,-55
15152,-55
15160,-55
15168,-55
15176,-55
15184,-55
15192,-55
15200,-55
15208,-55
15216,-55
15224,-55
15232,-55
15240,-55
15248,-55
15256,-55
15264,-55
15272,-55
15280,-55
15288,-55
15296,-55
15304,-55
15312,-55
15320,-55
15328,-55
15336,-55
15344,-55
15352,-55
15360,-55
15368,-55
15376,-55
15384,-55
15392,-55
15400,-55
15408,-55
15416,-55
15424,-55
15432,-55
15440,-55
15448,-55
15456,-55
15464,-55
15472,-55
15480,-55
15488,-55
15496,-55
15504,-55
15512,-55
15520,-55
15528,-55
15536,-55
15544,-55
15552,-55
15560,-55
15568,-55
15576,-55
15584,-55
15592,-55
15600,-55
15608,-55
15616,-55
15624,-55
15632,-55
15640,-55
15648,-55
15656,-55
15664,-55
15672,-55
15680,-55
15688,-55
15696,-55
15704,-55
15712,-55
15720,-55
15728,-55
15736,-55
15744,-55
15752,-55
15760,-55
15768,-55
15776,-55
15784,-55
15792,-55
15800,-55
15808,-55
15816,-55
15824,-55
15832,-55
15840,-55
15848,-55
15856,-55
15864,-55
15872,-55
15880,-55
15888,-55
15896,-55
15904,-55
15912,-55
15920,-55
15928,-55
15936,-55
15944,-55
15952,-55
15960,-55
15968,-55
15976,-55
15984,-55
15992,-55
16000,-55
16008,-55
16016,-55
16024,-55
16032,-55
16040,-55
16048,-55
16056,-55
16064,-55
16072,-55
16080,-55
16088,-55
16096,-55
16104,-55
16112,-55
16120,-55
16128,-55
16136,-55
16144,-55
16152,-55
16160,-55
16168,-55
16176,-55
16184,-55
16192,-55
16200,-55
16208,-55
16216,-55
16224,-55
16232,-55
16240,-55
16248,-55
16256,-55
16264,-55
16272,-55
16280,-55
16288,-55
16296,-55
16304,-55
16312,-55
16320,-55
16328,-55
16336,-55
16344,-55
16352,-55
16360,-55
16368,-55
16376,-55
16384,-55
16392,-55
16400,-55
16408,-55
16416,-55
16424,-55
16432,-55
16440,-55
16448,-55
16456,-55
16464,-55
16472,-55
16480,-55
16488,-55
16496,-55
16504,-55
16512,-55
16520,-55
16528,-55
16536,-55
16544,-55
16552,-55
16560,-55
16568,-55
16576,-55
16584,-55
16592,-55
16600,-55
16608,-55
16616,-55
16624,-55
16632,-55
16640,-55
16648,-55
16656,-55
16664,-55
16672,-55
16680,-55
16688,-55
16696,-55
16704,-55
16712,-55
16720,-55
16728,-55
16736,-55
16744,-55
16752,-55
16760,-55
16768,-55
16776,-55
16784,-55
16792,-55
16800,-55
16808,-55
16816,-55
16824,-55
16832,-55
16840,-55
16848,-55
16856,-55
16864,-55
16872,-55
16880,-55
16888,-55
16896,-55
16904,-55
16912,-55
16920,-55
16928,-55
16936,-55
16944,-55
16952,-55
16960,-55
16968,-55
16976,-55
16984,-55
16992,-55
17000,-55
17008,-55
17016,-55
17024,-55
17032,-55
17040,-55
17048,-55
17056,-55
17064,-55
17072,-55
17080,-55
17088,-55
17096,-55
17104,-55
17112,-55
17120,-55
17128,-55
17136,-55
17144,-55
17152,-55
17160,-55
17168,-55
17176,-55
17184,-55
17192,-55
17200,-55
17208,-55
17216,-55
17224,-55
17232,-55
17240,-55
17248,-55
17256,-55
17264,-55
17272,-55
17280,-55
17288,-55
17296,-55
17304,-55
17312,-55
17320,-55
17328,-55
17336,-55
17344,-55
17352,-55
17360,-55
17368,-55
17376,-55
17384,-55
17392,-55
17400,-55
17408,-55
17416,-55
17424,-55
17432,-55
17440,-55
17448,-55
17456,-55
17464,-55
17472,-55
17480,-55
17488,-55
17496,-55
17504,-55
17512,-55
17520,-55
17528,-55
17536,-55
17544,-55
17552,-55
17560,-55
17568,-55
17576,-55
17584,-55
17592,-55
17600,-55
17608,-55
17616,-55
17624,-55
17632,-55
17640,-55
17648,-55
17656,-55
17664,-55
17672,-55
17680,-55
17688,-55
17696,-55
17704,-55
17712,-55
17720,-55
17728,-55
17736,-55
17744,-55
17752,-55
17760,-55
17768,-55
17776,-55
17784,-55
17792,-55
17800,-55
17808,-55
17816,-55
17824,-55
17832,-55
17840,-55
17848,-55
17856,-55
17864,-55
17872,-55
17880,-55
17888,-55
17896,-55
17904,-55
17912,-55
17920,-55
17928,-55
17936,-55
17944,-55
17952,-55
17960,-55
17968,-55
17976,-55
17984,-55
17992,-55
18000,-55
18008,-55
18016,-55
18024,-55
18032,-55
18040,-55
18048,-55
18056,-55
18064,-55
18072,-55
18080,-55
18088,-55
18096,-55
18104,-55
18112,-55
18120,-55
18128,-55
18136,-55
18144,-55
18152,-55
18160,-55
18168,-55
18176,-55
18184,-55
18192,-55
18200,-55
18208,-55
18216,-55
18224,-55
18232,-55
18240,-55
18248,-55
18256,-55
18264,-55
18272,-55
18280,-55
18288,-55
18296,-55
18304,-55
18312,-55
18320,-55
18328,-55
18336,-55
18344,-55
18352,-55
18360,-55
18368,-55
18376,-55
18384,-55
18392,-55
18400,-55
18408,-55
18416,-55
18424,-55
18432,-55
18440,-55
18448,-55
18456,-55
18464,-55
18472,-55
18480,-55
18488,-55
18496,-55
18504,-55
18512,-55
18520,-55
18528,-55
18536,-55
18544,-55
18552,-55
18560,-55
18568,-55
18576,-55
18584,-55
18592,-55
18600,-55
18608,-55
18616,-55
18624,-55
18632,-55
18640,-55
18648,-55
18656,-55
18664,-55
18672,-55
18680,-55
18688,-55
18696,-55
18704,-55
18712,-55
18720,-55
18728,-55
18736,-55
18744,-55
18752,-55
18760,-55
18768,-55
18776,-55
18784,-55
18792,-55
18800,-55
18808,-55
18816,-55
18824,-55
18832,-55
18840,-55
18848,-55
18856,-55
18864,-55
18872,-55
18880,-55
18888,-55
18896,-55
18904,-55
18912,-55
18920,-55
18928,-55
18936,-55
18944,-55
18952,-55
18960,-55
18968,-55
18976,-55
18984,-55
18992,-55
19000,-55
19008,-55
19016,-55
19024,-55
19032,-55
19040,-55
19048,-55
19056,-55
19064,-55
19072,-55
19080,-55
19088,-55
19096,-55
19104,-55
19112,-55
19120,-55
19128,-55
19136,-55
19144,-55
19152,-55
19160,-55
19168,-55
19176,-55
19184,-55
19192,-55
19200,-55
19208,-55
19216,-55
19224,-55
19232,-55
19240,-55
19248,-55
19256,-55
19264,-55
19272,-55
19280,-55
19288,-55
19296,-55
19304,-55
19312,-55
19320,-55
19328,-55
19336,-55
19344,-55
19352,-55
19360,-55
19368,-55
19376,-55
19384,-55
19392,-55
19400,-55
19408,-55
19416,-55
19424,-55
19432,-55
19440,-55
19448,-55
19456,-55
19464,-55
19472,-55
19480,-55
19488,-55
19496,-55
19504,-55
19512,-55
19520,-55
19528,-55
19536,-55
19544,-55
19552,-55
19560,-55
19568,-55
19576,-55
19584,-55
19592,-55
19600,-55
19608,-55
19616,-55
19624,-55
19632,-55
19640,-55
19648,-55
19656,-55
19664,-55
19672,-55
19680,-55
19688,-55
19696,-55
19704,-55
19712,-55
19720,-55
19728,-55
19736,-55
19744,-55
19752,-55
19760,-55
19768,-55
19776,-55
19784,-55
19792,-55
19800,-55
19808,-55
19816,-55
19824,-55
19832,-55
19840,-55
19848,-55
19856,-55
19864,-55
19872,-55
19880,-55
19888,-55
19896,-55
19904,-55
19912,-55
19920,-55
19928,-55
19936,-55
19944,-55
19952,-55
19960,-55
19968,-55
19976,-55
19984,-55
19992,-55
20000,-55
20008,-54.99
20016,-54.98
20024,-54.97
20032,-54.96
20040,-54.95
20048,-54.94
20056,-54.93
20064,-54.92
20072,-54.91
20080,-54.9
20088,-54.89
20096,-54.88
20104,-54.87
20112,-54.86
20120,-54.85
20128,-54.84
20136,-54.83
20144,-54.82
20152,-54.81
20160,-54.8
20168,-54.79
20176,-54.78
20184,-54.77
20192,-54.76
20200,-54.75
20208,-54.74
20216,-54.73
20224,-54.72
20232,-54.71
20240,-54.7
20248,-54.69
20256,-54.68
20264,-54.67
20272,-54.66
20280,-54.65
20288,-54.64
20296,-54.63
20304,-54.62
20312,-54.61
20320,-54.6
20328,-54.59
20336,-54.58
20344,-54.57
20352,-54.56
20360,-54.55
20368,-54.54
20376,-54.53
20384,-54.52
20392,-54.51
20400,-54.5
20408,-54.49
20416,-54.48
20424,-54.47
20432,-54.46
20440,-54.45
20448,-54.44
20456,-54.43
20464,-54.42
20472,-54.41
20480,-54.4
20488,-54.39
20496,-54.38
20504,-54.37
20512,-54.36
20520,-54.35
20528,-54.34
20536,-54.33
20544,-54.32
20552,-54.31
20560,-54.3
20568,-54.29
20576,-54.28
20584,-54.27
20592,-54.26
20600,-54.25
20608,-54.24
20616,-54.23
20624,-54.22
20632,-54.21
20640,-54.2
20648,-54.19
20656,-54.18
20664,-54.17
20672,-54.16
20680,-54.15
20688,-54.14
20696,-54.13
20704,-54.12
20712,-54.11
20720,-54.1
20728,-54.09
20736,-54.08
20744,-54.07
20752,-54.06
20760,-54.05
20768,-54.04
20776,-54.03
20784,-54.02
20792,-54.01
20800,-54
20808,-53.99
20816,-53.98
20824,-53.97
20832,-53.96
20840,-53.95
20848,-53.94
20856,-53.93
20864,-53.92
20872,-53.91
20880,-53.9
20888,-53.89
20896,-53.88
20904,-53.87
20912,-53.86
20920,-53.85
20928,-53.84
20936,-53.83
20944,-53.82
20952,-53.81
20960,-53.8
20968,-53.79
20976,-53.78
20984,-53.77
20992,-53.76
21000,-53.75
21008,-53.74
21016,-53.73
21024,-53.72
21032,-53.71
21040,-53.7
21048,-53.69
21056,-53.68
21064,-53.67
21072,-53.66
21080,-53.65
21088,-53.64
21096,-53.63
21104,-53.62
21112,-53.61
21120,-53.6
21128,-53.59
21136,-53.58
21144,-53.57
21152,-53.56
21160,-53.55
21168,-53.54
21176,-53.53
21184,-53.52
21192,-53.51
21200,-53.5
21208,-53.49
21216,-53.48
21224,-53.47
21232,-53.46
21240,-53.45
21248,-53.44
21256,-53.43
21264,-53.42
21272,-53.41
21280,-53.4
21288,-53.39
21296,-53.38
21304,-53.37
21312,-53.36
21320,-53.35
21328,-53.34
21336,-53.33
21344,-53.32
21352,-53.31
21360,-53.3
21368,-53.29
21376,-53.28
21384,-53.27
21392,-53.26
21400,-53.25
21408,-53.24
21416,-53.23
21424,-53.22
21432,-53.21
21440,-53.2
21448,-53.19
21456,-53.18
21464,-53.17
21472,-53.16
21480,-53.15
21488,-53.14
21496,-53.13
21504,-53.12
21512,-53.11
21520,-53.1
21528,-53.09
21536,-53.08
21544,-53.07
21552,-53.06
21560,-53.05
21568,-53.04
21576,-53.03
21584,-53.02
21592,-53.01
21600,-53
21608,-52.99
21616,-52.98
21624,-52.97
21632,-52.96
21640,-52.95
21648,-52.94
21656,-52.93
21664,-52.92
21672,-52.91
21680,-52.9
21688,-52.89
21696,-52.88
21704,-52.87
21712,-52.86
21720,-52.85
21728,-52.84
21736,-52.83
21744,-52.82
21752,-52.81
21760,-52.8
21768,-52.79
21776,-52.78
21784,-52.77
21792,-52.76
21800,-52.75
21808,-52.74
21816,-52.73
21824,-52.72
21832,-52.71
21840,-52.7
21848,-52.69
21856,-52.68
21864,-52.67
21872,-52.66
21880,-52.65
21888,-52.64
21896,-52.63
21904,-52.62
21912,-52.61
21920,-52.6
21928,-52.59
21936,-52.58
21944,-52.57
21952,-52.56
21960,-52.55
21968,-52.54
21976,-52.53
21984,-52.52
21992,-52.51
22000,-52.5
22008,-52.49
22016,-52.48
22024,-52.47
22032,-52.46
22040,-52.45
22048,-52.44
22056,-52.43
22064,-52.42
22072,-52.41
22080,-52.4
22088,-52.39
22096,-52.38
22104,-52.37
22112,-52.36
22120,-52.35
22128,-52.34
22136,-52.33
22144,-52.32
22152,-52.31
22160,-52.3
22168,-52.29
22176,-52.28
22184,-52.27
22192,-52.26
22200,-52.25
22208,-52.24
22216,-52.23
22224,-52.22
22232,-52.21
22240,-52.2
22248,-52.19
22256,-52.18
22264,-52.17
22272,-52.16
22280,-52.15
22288,-52.14
22296,-52.13
22304,-52.12
22312,-52.11
22320,-52.1
22328,-52.09
22336,-52.08
22344,-52.07
22352,-52.06
22360,-52.05
22368,-52.04
22376,-52.03
22384,-52.02
22392,-52.01
22400,-52
22408,-51.99
22416,-51.98
22424,-51.97
22432,-51.96
22440,-51.95
22448,-51.94
22456,-51.93
22464,-51.92
22472,-51.91
22480,-51.9
22488,-51.89
22496,-51.88
22504,-51.87
22512,-51.86
22520,-51.85
22528,-51.84
22536,-51.83
22544,-51.82
22552,-51.81
22560,-51.8
22568,-51.79
22576,-51.78
22584,-51.77
22592,-51.76
22600,-51.75
22608,-51.74
22616,-51.73
22624,-51.72
22632,-51.71
22640,-51.7
22648,-51.69
22656,-51.68
22664,-51.67
22672,-51.66
22680,-51.65
22688,-51.64
22696,-51.63
22704,-51.62
22712,-51.61
22720,-51.6
22728,-51.59
22736,-51.58
22744,-51.57
22752,-51.56
22760,-51.55
22768,-51.54
22776,-51.53
22784,-51.52
22792,-51.51
22800,-51.5
22808,-51.49
22816,-51.48
22824,-51.47
22832,-51.46
22840,-51.45
22848,-51.44
22856,-51.43
22864,-51.42
22872,-51.41
22880,-51.4
22888,-51.39
22896,-51.38
22904,-51.37
22912,-51.36
22920,-51.35
22928,-51.34
22936,-51.33
22944,-51.32
22952,-51.31
22960,-51.3
22968,-51.29
22976,-51.28
22984,-51.27
22992,-51.26
23000,-51.25
23008,-51.24
23016,-51.23
23024,-51.22
23032,-51.21
23040,-51.2
23048,-51.19
23056,-51.18
23064,-51.17
23072,-51.16
23080,-51.15
23088,-51.14
23096,-51.13
23104,-51.12
23112,-51.11
23120,-51.1
23128,-51.09
23136,-51.08
23144,-51.07
23152,-51.06
23160,-51.05
23168,-51.04
23176,-51.03
23184,-51.02
23192,-51.01
23200,-51
23208,-50.99
23216,-50.98
23224,-50.97
23232,-50.96
23240,-50.95
23248,-50.94
23256,-50.93
23264,-50.92
23272,-50.91
23280,-50.9
23288,-50.89
23296,-50.88
23304,-50.87
23312,-50.86
23320,-50.85
23328,-50.84
23336,-50.83
23344,-50.82
23352,-50.81
23360,-50.8
23368,-50.79
23376,-50.78
23384,-50.77
23392,-50.76
23400,-50.75
23408,-50.74
23416,-50.73
23424,-50.72
23432,-50.71
23440,-50.7
23448,-50.69
23456,-50.68
23464,-50.67
23472,-50.66
23480,-50.65
23488,-50.64
23496,-50.63
23504,-50.62
23512,-50.61
23520,-50.6
23528,-50.59
23536,-50.58
23544,-50.57
23552,-50.56
23560,-50.55
23568,-50.54
23576,-50.53
23584,-50.52
23592,-50.51
23600,-50.5
23608,-50.49
23616,-50.48
23624,-50.47
23632,-50.46
23640,-50.45
23648,-50.44
23656,-50.43
23664,-50.42
23672,-50.41
23680,-50.4
23688,-50.39
23696,-50.38
23704,-50.37
23712,-50.36
23720,-50.35
23728,-50.34
23736,-50.33
23744,-50.32
23752,-50.31
23760,-50.3
23768,-50.29
23776,-50.28
23784,-50.27
23792,-50.26
23800,-50.25
23808,-50.24
23816,-50.23
23824,-50.22
23832,-50.21
23840,-50.2
23848,-50.19
23856,-50.18
23864,-50.17
23872,-50.16
23880,-50.15
23888,-50.14
23896,-50.13
23904,-50.12
23912,-50.11
23920,-50.1
23928,-50.09
23936,-50.08
23944,-50.07
23952,-50.06
23960,-50.05
23968,-50.04
23976,-50.03
23984,-50.02
23992,-50.01
24000,-50
24008,-49.99
24016,-49.98
24024,-49.97
24032,-49.96
24040,-49.95
24048,-49.94
24056,-49.93
24064,-49.92
24072,-49.91
24080,-49.9
24088,-49.89
24096,-49.88
24104,-49.87
24112,-49.86
24120,-49.85
24128,-49.84
24136,-49.83
24144,-49.82
24152,-49.81
24160,-49.8
24168,-49.79
24176,-49.78
24184,-49.77
24192,-49.76
24200,-49.75
24208,-49.74
24216,-49.73
24224,-49.72
24232,-49.71
24240,-49.7
24248,-49.69
24256,-49.68
24264,-49.67
24272,-49.66
24280,-49.65
24288,-49.64
24296,-49.63
24304,-49.62
24312,-49.61
24320,-49.6
24328,-49.59
24336,-49.58
24344,-49.57
24352,-49.56
24360,-49.55
24368,-49.54
24376,-49.53
24384,-49.52
24392,-49.51
24400,-49.5
24408,-49.49
24416,-49.48
24424,-49.47
24432,-49.46
24440,-49.45
24448,-49.44
24456,-49.43
24464,-49.42
24472,-49.41
24480,-49.4
24488,-49.39
24496,-49.38
24504,-49.37
24512,-49.36
24520,-49.35
24528,-49.34
24536,-49.33
24544,-49.32
24552,-49.31
24560,-49.3
24568,-49.29
24576,-49.28
24584,-49.27
24592,-49.26
24600,-49.25
24608,-49.24
24616,-49.23
24624,-49.22
24632,-49.21
24640,-49.2
24648,-49.19
24656,-49.18
24664,-49.17
24672,-49.16
24680,-49.15
24688,-49.14
24696,-49.13
24704,-49.12
24712,-49.11
24720,-49.1
24728,-49.09
24736,-49.08
24744,-49.07
24752,-49.06
24760,-49.05
24768,-49.04
24776,-49.03
24784,-49.02
24792,-49.01
24800,-49
24808,-48.99
24816,-48.98
24824,-48.97
24832,-48.96
24840,-48.95
24848,-48.94
24856,-48.93
24864,-48.92
24872,-48.91
24880,-48.9
24888,-48.89
24896,-48.88
24904,-48.87
24912,-48.86
24920,-48.85
24928,-48.84
24936,-48.83
24944,-48.82
24952,-48.81
24960,-48.8
24968,-48.79
24976,-48.78
24984,-48.77
24992,-48.76
25000,-48.75
25008,-48.74
25016,-48.73
25024,-48.72
25032,-48.71
25040,-48.7
25048,-48.69
25056,-48.68
25064,-48.67
25072,-48.66
25080,-48.65
25088,-48.64
25096,-48.63
25104,-48.62
25112,-48.61
25120,-48.6
25128,-48.59
25136,-48.58
25144,-48.57
25152,-48.56
25160,-48.55
25168,-48.54
25176,-48.53
25184,-48.52
25192,-48.51
25200,-48.5
25208,-48.49
25216,-48.48
25224,-48.47
25232,-48.46
25240,-48.45
25248,-48.44
25256,-48.43
25264,-48.42
25272,-48.41
25280,-48.4
25288,-48.39
25296,-48.38
25304,-48.37
25312,-48.36
25320,-48.35
25328,-48.34
25336,-48.33
25344,-48.32
25352,-48.31
25360,-48.3
25368,-48.29
25376,-48.28
25384,-48.27
25392,-48.26
25400,-48.25
25408,-48.24
25416,-48.23
25424,-48.22
25432,-48.21
25440,-48.2
25448,-48.19
25456,-48.18
25464,-48.17
25472,-48.16
25480,-48.15
25488,-48.14
25496,-48.13
25504,-48.12
25512,-48.11
25520,-48.1
25528,-48.09
25536,-48.08
25544,-48.07
25552,-48.06
25560,-48.05
25568,-48.04
25576,-48.03
25584,-48.02
25592,-48.01
25600,-48
25608,-47.99
25616,-47.98
25624,-47.97
25632,-47.96
25640,-47.95
25648,-47.94
25656,-47.93
25664,-47.92
25672,-47.91
25680,-47.9
25688,-47.89
25696,-47.88
25704,-47.87
25712,-47.86
25720,-47.85
25728,-47.84
25736,-47.83
25744,-47.82
25752,-47.81
25760,-47.8
25768,-47.79
25776,-47.78
25784,-47.77
25792,-47.76
25800,-47.75
25808,-47.74
25816,-47.73
25824,-47.72
25832,-47.71
25840,-47.7
25848,-47.69
25856,-47.68
25864,-47.67
25872,-47.66
25880,-47.65
25888,-47.64
25896,-47.63
25904,-47.62
25912,-47.61
25920,-47.6
25928,-47.59
25936,-47.58
25944,-47.57
25952,-47.56
25960,-47.55
25968,-47.54
25976,-47.53
25984,-47.52
25992,-47.51
26000,-47.5
26008,-47.49
26016,-47.48
26024,-47.47
26032,-47.46
26040,-47.45
26048,-47.44
26056,-47.43
26064,-47.42
26072,-47.41
26080,-47.4
26088,-47.39
26096,-47.38
26104,-47.37
26112,-47.36
26120,-47.35
26128,-47.34
26136,-47.33
26144,-47.32
26152,-47.31
26160,-47.3
26168,-47.29
26176,-47.28
26184,-47.27
26192,-47.26
26200,-47.25
26208,-47.24
26216,-47.23
26224,-47.22
26232,-47.21
26240,-47.2
26248,-47.19
26256,-47.18
26264,-47.17
26272,-47.16
26280,-47.15
26288,-47.14
26296,-47.13
26304,-47.12
26312,-47.11
26320,-47.1
26328,-47.09
26336,-47.08
26344,-47.07
26352,-47.06
26360,-47.05
26368,-47.04
26376,-47.03
26384,-47.02
26392,-47.01
26400,-47
26408,-46.99
26416,-46.98
26424,-46.97
26432,-46.96
26440,-46.95
26448,-46.94
26456,-46.93
26464,-46.92
26472,-46.91
26480,-46.9
26488,-46.89
26496,-46.88
26504,-46.87
26512,-46.86
26520,-46.85
26528,-46.84
26536,-46.83
26544,-46.82
26552,-46.81
26560,-46.8
26568,-46.79
26576,-46.78
26584,-46.77
26592,-46.76
26600,-46.75
26608,-46.74
26616,-46.73
26624,-46.72
26632,-46.71
26640,-46.7
26648,-46.69
26656,-46.68
26664,-46.67
26672,-46.66
26680,-46.65
26688,-46.64
26696,-46.63
26704,-46.62
26712,-46.61
26720,-46.6
26728,-46.59
26736,-46.58
26744,-46.57
26752,-46.56
26760,-46.55
26768,-46.54
26776,-46.53
26784,-46.52
26792,-46.51
26800,-46.5
26808,-46.49
26816,-46.48
26824,-46.47
26832,-46.46
26840,-46.45
26848,-46.44
26856,-46.43
26864,-46.42
26872,-46.41
26880,-46.4
26888,-46.39
26896,-46.38
26904,-46.37
26912,-46.36
26920,-46.35
26928,-46.34
26936,-46.33
26944,-46.32
26952,-46.31
26960,-46.3
26968,-46.29
26976,-46.28
26984,-46.27
26992,-46.26
27000,-46.25
27008,-46.24
27016,-46.23
27024,-46.22
27032,-46.21
27040,-46.2
27048,-46.19
27056,-46.18
27064,-46.17
27072,-46.16
27080,-46.15
27088,-46.14
27096,-46.13
27104,-46.12
27112,-46.11
27120,-46.1
27128,-46.09
27136,-46.08
27144,-46.07
27152,-46.06
27160,-46.05
27168,-46.04
27176,-46.03
27184,-46.02
27192,-46.01
27200,-46
27208,-45.99
27216,-45.98
27224,-45.97
27232,-45.96
27240,-45.95
27248,-45.94
27256,-45.93
27264,-45.92
27272,-45.91
27280,-45.9
27288,-45.89
27296,-45.88
27304,-45.87
27312,-45.86
27320,-45.85
27328,-45.84
27336,-45.83
27344,-45.82
27352,-45.81
27360,-45.8
27368,-45.79
27376,-45.78
27384,-45.77
27392,-45.76
27400,-45.75
27408,-45.74
27416,-45.73
27424,-45.72
27432,-45.71
27440,-45.7
27448,-45.69
27456,-45.68
27464,-45.67
27472,-45.66
27480,-45.65
27488,-45.64
27496,-45.63
27504,-45.62
27512,-45.61
27520,-45.6
27528,-45.59
27536,-45.58
27544,-45.57
27552,-45.56
27560,-45.55
27568,-45.54
27576,-45.53
27584,-45.52
27592,-45.51
27600,-45.5
27608,-45.49
27616,-45.48
27624,-45.47
27632,-45.46
27640,-45.45
27648,-45.44
27656,-45.43
27664,-45.42
27672,-45.41
27680,-45.4
27688,-45.39
27696,-45.38
27704,-45.37
27712,-45.36
27720,-45.35
27728,-45.34
27736,-45.33
27744,-45.32
27752,-45.31
27760,-45.3
27768,-45.29
27776,-45.28
27784,-45.27
27792,-45.26
27800,-45.25
27808,-45.24
27816,-45.23
27824,-45.22
27832,-45.21
27840,-45.2
27848,-45.19
27856,-45.18
27864,-45.17
27872,-45.16
27880,-45.15
27888,-45.14
27896,-45.13
27904,-45.12
27912,-45.11
27920,-45.1
27928,-45.09
27936,-45.08
27944,-45.07
27952,-45.06
27960,-45.05
27968,-45.04
27976,-45.03
27984,-45.02
27992,-45.01
28000,-45
28008,-44.99
28016,-44.98
28024,-44.97
28032,-44.96
28040,-44.95
28048,-44.94
28056,-44.93
28064,-44.92
28072,-44.91
28080,-44.9
28088,-44.89
28096,-44.88
28104,-44.87
28112,-44.86
28120,-44.85
28128,-44.84
28136,-44.83
28144,-44.82
28152,-44.81
28160,-44.8
28168,-44.79
28176,-44.78
28184,-44.77
28192,-44.76
28200,-44.75
28208,-44.74
28216,-44.73
28224,-44.72
28232,-44.71
28240,-44.7
28248,-44.69
28256,-44.68
28264,-44.67
28272,-44.66
28280,-44.65
28288,-44.64
28296,-44.63
28304,-44.62
28312,-44.61
28320,-44.6
28328,-44.59
28336,-44.58
28344,-44.57
28352,-44.56
28360,-44.55
28368,-44.54
28376,-44.53
28384,-44.52
28392,-44.51
28400,-44.5
28408,-44.49
28416,-44.48
28424,-44.47
28432,-44.46
28440,-44.45
28448,-44.44
28456,-44.43
28464,-44.42
28472,-44.41
28480,-44.4
28488,-44.39
28496,-44.38
28504,-44.37
28512,-44.36
28520,-44.35
28528,-44.34
28536,-44.33
28544,-44.32
28552,-44.31
28560,-44.3
28568,-44.29
28576,-44.28
28584,-44.27
28592,-44.26
28600,-44.25
28608,-44.24
28616,-44.23
28624,-44.22
28632,-44.21
28640,-44.2
28648,-44.19
28656,-44.18
28664,-44.17
28672,-44.16
28680,-44.15
28688,-44.14
28696,-44.13
28704,-44.12
28712,-44.11
28720,-44.1
28728,-44.09
28736,-44.08
28744,-44.07
28752,-44.06
28760,-44.05
28768,-44.04
28776,-44.03
28784,-44.02
28792,-44.01
28800,-44
28808,-43.99
28816,-43.98
28824,-43.97
28832,-43.96
28840,-43.95
28848,-43.94
28856,-43.93
28864,-43.92
28872,-43.91
28880,-43.9
28888,-43.89
28896,-43.88
28904,-43.87
28912,-43.86
28920,-43.85
28928,-43.84
28936,-43.83
28944,-43.82
28952,-43.81
28960,-43.8
28968,-43.79
28976,-43.78
28984,-43.77
28992,-43.76
29000,-43.75
29008,-43.74
29016,-43.73
29024,-43.72
29032,-43.71
29040,-43.7
29048,-43.69
29056,-43.68
29064,-43.67
29072,-43.66
29080,-43.65
29088,-43.64
29096,-43.63
29104,-43.62
29112,-43.61
29120,-43.6
29128,-43.59
29136,-43.58
29144,-43.57
29152,-43.56
29160,-43.55
29168,-43.54
29176,-43.53
29184,-43.52
29192,-43.51
29200,-43.5
29208,-43.49
29216,-43.48
29224,-43.47
29232,-43.46
29240,-43.45
29248,-43.44
29256,-43.43
29264,-43.42
29272,-43.41
29280,-43.4
29288,-43.39
29296,-43.38
29304,-43.37
29312,-43.36
29320,-43.35
29328,-43.34
29336,-43.33
29344,-43.32
29352,-43.31
29360,-43.3
29368,-43.29
29376,-43.28
29384,-43.27
29392,-43.26
29400,-43.25
29408,-43.24
29416,-43.23
29424,-43.22
29432,-43.21
29440,-43.2
29448,-43.19
29456,-43.18
29464,-43.17
29472,-43.16
29480,-43.15
29488,-43.14
29496,-43.13
29504,-43.12
29512,-43.11
29520,-43.1
29528,-43.09
29536,-43.08
29544,-43.07
29552,-43.06
29560,-43.05
29568,-43.04
29576,-43.03
29584,-43.02
29592,-43.01
29600,-43
29608,-42.99
29616,-42.98
29624,-42.97
29632,-42.96
29640,-42.95
29648,-42.94
29656,-42.93
29664,-42.92
29672,-42.91
29680,-42.9
29688,-42.89
29696,-42.88
29704,-42.87
29712,-42.86
29720,-42.85
29728,-42.84
29736,-42.83
29744,-42.82
29752,-42.81
29760,-42.8
29768,-42.79
29776,-42.78
29784,-42.77
29792,-42.76
29800,-42.75
29808,-42.74
29816,-42.73
29824,-42.72
29832,-42.71
29840,-42.7
29848,-42.69
29856,-42.68
29864,-42.67
29872,-42.66
29880,-42.65
29888,-42.64
29896,-42.63
29904,-42.62
29912,-42.61
29920,-42.6
29928,-42.59
29936,-42.58
29944,-42.57
29952,-42.56
29960,-42.55
29968,-42.54
29976,-42.53
29984,-42.52
29992,-42.51
30000,-42.5
30008,-42.49
30016,-42.48
30024,-42.47
30032,-42.46
30040,-42.45
30048,-42.44
30056,-42.43
30064,-42.42
30072,-42.41
30080,-42.4
30088,-42.39
30096,-42.38
30104,-42.37
30112,-42.36
30120,-42.35
30128,-42.34
30136,-42.33
30144,-42.32
30152,-42.31
30160,-42.3
30168,-42.29
30176,-42.28
30184,-42.27
30192,-42.26
30200,-42.25
30208,-42.24
30216,-42.23
30224,-42.22
30232,-42.21
30240,-42.2
30248,-42.19
30256,-42.18
30264,-42.17
30272,-42.16
30280,-42.15
30288,-42.14
30296,-42.13
30304,-42.12
30312,-42.11
30320,-42.1
30328,-42.09
30336,-42.08
30344,-42.07
30352,-42.06
30360,-42.05
30368,-42.04
30376,-42.03
30384,-42.02
30392,-42.01
30400,-42
30408,-41.99
30416,-41.98
30424,-41.97
30432,-41.96
30440,-41.95
30448,-41.94
30456,-41.93
30464,-41.92
30472,-41.91
30480,-41.9
30488,-41.89
30496,-41.88
30504,-41.87
30512,-41.86
30520,-41.85
30528,-41.84
30536,-41.83
30544,-41.82
30552,-41.81
30560,-41.8
30568,-41.79
30576,-41.78
30584,-41.77
30592,-41.76
30600,-41.75
30608,-41.74
30616,-41.73
30624,-41.72
30632,-41.71
30640,-41.7
30648,-41.69
30656,-41.68
30664,-41.67
30672,-41.66
30680,-41.65
30688,-41.64
30696,-41.63
30704,-41.62
30712,-41.61
30720,-41.6
30728,-41.59
30736,-41.58
30744,-41.57
30752,-41.56
30760,-41.55
30768,-41.54
30776,-41.53
30784,-41.52
30792,-41.51
30800,-41.5
30808,-41.49
30816,-41.48
30824,-41.47
30832,-41.46
30840,-41.45
30848,-41.44
30856,-41.43
30864,-41.42
30872,-41.41
30880,-41.4
30888,-41.39
30896,-41.38
30904,-41.37
30912,-41.36
30920,-41.35
30928,-41.34
30936,-41.33
30944,-41.32
30952,-41.31
30960,-41.3
30968,-41.29
30976,-41.28
30984,-41.27
30992,-41.26
31000,-41.25
31008,-41.24
31016,-41.23
31024,-41.22
31032,-41.21
31040,-41.2
31048,-41.19
31056,-41.18
31064,-41.17
31072,-41.16
31080,-41.15
31088,-41.14
31096,-41.13
31104,-41.12
31112,-41.11
31120,-41.1
31128,-41.09
31136,-41.08
31144,-41.07
31152,-41.06
31160,-41.05
31168,-41.04
31176,-41.03
31184,-41.02
31192,-41.01
31200,-41
31208,-40.99
31216,-40.98
31224,-40.97
31232,-40.96
31240,-40.95
31248,-40.94
31256,-40.93
31264,-40.92
31272,-40.91
31280,-40.9
31288,-40.89
31296,-40.88
31304,-40.87
31312,-40.86
31320,-40.85
31328,-40.84
31336,-40.83
31344,-40.82
31352,-40.81
31360,-40.8
31368,-40.79
31376,-40.78
31384,-40.77
31392,-40.76
31400,-40.75
31408,-40.74
31416,-40.73
31424,-40.72
31432,-40.71
31440,-40.7
31448,-40.69
31456,-40.68
31464,-40.67
31472,-40.66
31480,-40.65
31488,-40.64
31496,-40.63
31504,-40.62
31512,-40.61
31520,-40.6
31528,-40.59
31536,-40.58
31544,-40.57
31552,-40.56
31560,-40.55
31568,-40.54
31576,-40.53
31584,-40.52
31592,-40.51
31600,-40.5
31608,-40.49
31616,-40.48
31624,-40.47
31632,-40.46
31640,-40.45
31648,-40.44
31656,-40.43
31664,-40.42
31672,-40.41
31680,-40.4
31688,-40.39
31696,-40.38
31704,-40.37
31712,-40.36
31720,-40.35
31728,-40.34
31736,-40.33
31744,-40.32
31752,-40.31
31760,-40.3
31768,-40.29
31776,-40.28
31784,-40.27
31792,-40.26
31800,-40.25
31808,-40.24
31816,-40.23
31824,-40.22
31832,-40.21
31840,-40.2
31848,-40.19
31856,-40.18
31864,-40.17
31872,-40.16
31880,-40.15
31888,-40.14
31896,-40.13
31904,-40.12
31912,-40.11
31920,-40.1
31928,-40.09
31936,-40.08
31944,-40.07
31952,-40.06
31960,-40.05
31968,-40.04
31976,-40.03
31984,-40.02
31992,-40.01
32000,-40